t30006	0
t33578	0
t22462	1
t52093	0
t26935	0
t1758	0
t99270	1
t25970	1
t51245	0
t86153	1
t55116	0
t15169	1
t71518	0
t91431	0
t14853	1
t45211	0
t25497	0
t49964	1
t55940	0
t94771	1
t13703	0
t91729	0
t15475	1
t25003	1
t39222	0
t82018	1
t91150	1
t46519	1
t13594	1
t66574	0
t66927	0
t40660	0
t7370	0
t31367	1
t2428	0
t21836	1
t80747	1
t75433	1
t5371	0
t98692	0
t59731	0
t48470	1
t91358	0
t34132	1
t79985	0
t96709	0
t82211	0
t33048	1
t81444	1
t73880	0
t87009	0
t36263	0
t15585	1
t60188	1
t90269	0
t36656	0
t62365	0
t57308	1
t88651	0
t2917	1
t90859	1
t91566	0
t2412	1
t65707	0
t73943	1
t20099	0
t30289	0
t57999	1
t24097	0
t27369	1
t15696	0
t76376	1
t27255	1
t90277	1
t22304	0
t35379	1
t67856	1
t52804	1
t38665	0
t76705	0
t46300	1
t99096	0
t76957	0
t74533	0
t87093	1
t47068	1
t11796	1
t79442	0
t78639	1
t95643	0
t98925	1
t9877	0
t32189	1
t33414	1
t46924	0
t99076	1
t72001	0
t73663	0
t97752	0
t74781	0
t11941	0
t56810	1
t29700	0
t20590	0
t33807	1
t44088	0
t84492	0
t19009	0
t94752	1
t49137	1
t23984	1
t69650	1
t87032	0
t13180	0
t4882	0
t37236	1
t7735	0
t91086	0
t96361	0
t39671	0
t10867	0
t62251	0
t67939	1
t38335	0
t56279	1
t18067	0
t1188	0
t55708	0
t39935	0
t87176	1
t44308	1
t50946	1
t13523	0
t50469	0
t37124	0
t43098	0
t20288	1
t59053	0
t11814	1
t18249	1
t24971	0
t5590	0
t83378	0
t6358	1
t6460	1
t59929	1
t46405	1
t52830	0
t96824	0
t85940	0
t85729	1
t73688	1
t28488	1
t28502	1
t91583	0
t47822	1
t14525	0
t85000	0
t65001	0
t81425	1
t407	0
t2389	1
t15517	1
t82691	0
t16192	0
t19577	0
t19834	0
t90467	1
t8149	0
t91348	1
t52193	0
t56034	1
t77179	1
t60274	1
t89338	0
t84084	0
t11450	0
t35741	0
t47346	1
t13564	1
t25959	0
t25049	0
t42330	0
t4787	0
t71784	0
t987	0
t62245	1
t57719	1
t9765	0
t86481	1
t59135	0
t98919	0
t72726	0
t30026	1
t47203	0
t22268	1
t37435	1
t12728	1
t36804	0
t27225	0
t57196	1
t40663	0
t27541	1
t29129	0
t60112	0
t29073	1
t97857	0
t59109	0
t35022	0
t74997	1
t56970	0
t66701	0
t23251	1
t80248	0
t50785	0
t35289	0
t10991	1
t64853	0
t66171	0
t61806	1
t92565	1
t26904	0
t90335	0
t99298	1
t97792	1
t15062	1
t54594	0
t34595	0
t7224	1
t51494	1
t11431	1
t96216	0
t98946	0
t91342	0
t91122	0
t74775	0
t40883	0
t59367	1
t3860	1
t12978	0
t88427	1
t84134	0
t44682	0
t98038	0
t58796	1
t68189	0
t26684	1
t98717	0
t97740	0
t94717	0
t44577	1
t40274	1
t90062	1
t95142	1
t69251	1
t94642	0
t65311	0
t1534	0
t90966	0
t97021	0
t34759	0
t48048	0
t92745	0
t66804	0
t82975	1
t11141	0
t42616	0
t80785	1
t3128	0
t36968	1
t82630	1
t59879	0
t88201	0
t3570	1
t39507	0
t13221	1
t51536	1
t98677	1
t65469	0
t63651	1
t23433	0
t9826	1
t96138	1
t69143	0
t93029	0
t83145	0
t82949	1
t58337	0
t93400	1
t91096	0
t78386	0
t53182	0
t86321	0
t45759	0
t86713	0
t66121	0
t43504	1
t68260	1
t9929	0
t59227	0
t40556	1
t61745	0
t26419	0
t68719	1
t21767	0
t53651	0
t87112	1
t24162	0
t26716	0
t35996	1
t8409	1
t80647	1
t57585	1
t81722	1
t38876	1
t91347	0
t36866	0
t67422	0
t29860	1
t20129	0
t37021	0
t63001	0
t50577	1
t23137	0
t18002	1
t13982	0
t63733	0
t77159	0
t68123	1
t30075	1
t78492	1
t14765	0
t69722	0
t15737	0
t51014	0
t87992	0
t34289	0
t93502	0
t93261	1
t40596	0
t79726	0
t68678	1
t69203	0
t62367	1
t62348	0
t51274	1
t90935	0
t84734	1
t7029	1
t63239	1
t98081	0
t45543	0
t97815	0
t91776	0
t9942	0
t89223	0
t41049	0
t11955	0
t32041	0
t88743	0
t31455	1
t35203	0
t16525	0
t8530	1
t19570	1
t97911	0
t45189	1
t83524	0
t83620	1
t78388	0
t31637	0
t59226	1
t54620	0
t98420	0
t64357	0
t72518	0
t27984	1
t92522	1
t58260	0
t19898	0
t74916	1
t96198	0
t68707	1
t56223	0
t22100	0
t85754	0
t71459	0
t98027	1
t33311	0
t33107	0
t30284	1
t20119	0
t91401	1
t75934	1
t36353	0
t63267	0
t8381	0
t41254	0
t8337	0
t88725	0
t9794	1
t74778	0
t19262	1
t86968	0
t15299	0
t55495	1
t19410	1
t67686	0
t96870	0
t22382	0
t84782	1
t16899	1
t92605	1
t79621	1
t34028	0
t86418	1
t37518	1
t54770	1
t31748	1
t83965	0
t61908	1
t39386	1
t30238	1
t79161	1
t64224	1
t80691	0
t60693	1
t81909	1
t54894	1
t67335	0
t5719	1
t37065	0
t51049	0
t26380	1
t74528	0
t76591	1
t97093	1
t10786	1
t3711	0
t8368	0
t63455	0
t29274	0
t64977	1
t31869	0
t39576	0
t52284	1
t96105	0
t57023	0
t61427	0
t17700	1
t30711	1
t78498	1
t56365	0
t80257	0
t35407	1
t67573	1
t59064	1
t80677	0
t37142	1
t15845	1
t22957	1
t47266	1
t42536	0
t10970	0
t65562	1
t35526	1
t31608	1
t32081	0
t74499	0
t97301	1
t94536	1
t83478	1
t27315	0
t34384	0
t9365	0
t47995	0
t6498	0
t51960	0
t1034	0
t87905	0
t89898	1
t7352	1
t2027	0
t84344	1
t43287	0
t10170	0
t14	1
t5314	1
t25975	1
t50932	0
t82837	1
t38887	0
t72471	1
t97262	1
t54815	0
t33953	1
t85588	0
t21602	0
t67768	0
t86521	0
t37856	0
t96619	1
t26855	0
t27933	0
t72650	1
t36394	0
t94147	1
t62986	0
t13832	0
t20390	0
t56873	1
t61204	0
t39752	0
t86613	0
t90659	1
t46344	1
t22535	1
t82215	0
t72986	1
t50247	1
t71628	0
t97630	0
t94246	1
t11709	0
t89857	1
t53539	0
t28007	0
t83025	0
t87364	0
t50703	0
t29469	0
t65587	1
t50614	1
t75047	1
t71690	0
t28310	0
t52108	1
t76583	0
t2276	0
t2587	0
t8705	1
t67919	0
t55647	0
t16795	0
t1700	0
t20531	0
t31989	1
t41702	0
t74815	1
t31420	0
t4085	1
t89724	0
t23281	0
t53528	0
t849	1
t82307	0
t33150	1
t10942	1
t3862	0
t85517	1
t76256	1
t49657	0
t65344	1
t93923	1
t80973	0
t80561	0
t76162	0
t3707	1
t60207	1
t2993	1
t64947	0
t53407	1
t82227	1
t34148	1
t53265	0
t60734	0
t50371	1
t64330	1
t29283	1
t31693	1
t38302	0
t55804	0
t57755	1
t58112	0
t83200	1
t51134	1
t45463	0
t32392	1
t7584	0
t3361	1
t19520	1
t94060	1
t41813	1
t39949	0
t41497	0
t81466	0
t22152	1
t10328	1
t51751	0
t69853	1
t55325	1
t38119	0
t99257	0
t47051	0
t30932	1
t12377	0
t29133	0
t41646	1
t53534	0
t28529	0
t76397	1
t477	1
t8422	0
t77070	1
t74386	0
t25416	1
t54094	0
t56216	0
t71397	1
t22438	0
t75916	0
t20754	0
t28990	1
t70526	0
t614	0
t26096	0
t6323	1
t40565	0
t16774	1
t93318	0
t82922	0
t34103	1
t71465	0
t89475	0
t97015	0
t16843	0
t31258	1
t73503	0
t29045	0
t82660	0
t29067	1
t95801	0
t59585	0
t35840	1
t45622	0
t63252	0
t5025	1
t93481	1
t37101	0
t64569	0
t30242	1
t85455	0
t72766	0
t58108	0
t64774	0
t27842	0
t91813	1
t63603	0
t10906	0
t73330	0
t57863	1
t51599	0
t85529	0
t52688	1
t78054	1
t48465	0
t86941	1
t34978	0
t41987	0
t55137	0
t60058	0
t56946	1
t98903	1
t23263	1
t95683	0
t47570	0
t27656	1
t20065	1
t88378	1
t81609	0
t21249	0
t44738	0
t18962	0
t36475	1
t69109	0
t78546	0
t2959	0
t18555	0
t1207	1
t74810	0
t36283	0
t95172	0
t9686	0
t32239	1
t68402	1
t17783	0
t54316	0
t56785	0
t42968	0
t28527	0
t43700	1
t13852	1
t40580	1
t32610	0
t71910	0
t97450	1
t54298	1
t76373	0
t78105	0
t77468	0
t14752	1
t46853	1
t88932	0
t57762	1
t12495	0
t56161	0
t8133	1
t35467	1
t2515	0
t43243	0
t44788	1
t79364	0
t4546	0
t44354	0
t10562	0
t93872	0
t81378	1
t52366	0
t35236	1
t30054	0
t1242	1
t83069	0
t9931	0
t50502	1
t11991	1
t34503	1
t25321	1
t81898	0
t42153	1
t45616	0
t86734	0
t12762	0
t17341	0
t21676	1
t28267	1
t19167	0
t79301	0
t2000	0
t40115	0
t65829	1
t52101	0
t30090	0
t11037	0
t45812	0
t28683	0
t39989	0
t40122	1
t45642	1
t71575	1
t96130	0
t72580	1
t56103	0
t48804	1
t78024	0
t12839	1
t69585	0
t69889	0
t19310	0
t36993	0
t60694	1
t49421	1
t75628	1
t62456	0
t38596	0
t17878	0
t46594	1
t55389	0
t25048	1
t13080	0
t11835	1
t63119	0
t95271	0
t34194	0
t26117	1
t49869	0
t69635	1
t59112	0
t297	1
t78519	0
t79248	0
t17903	0
t22328	1
t25802	1
t81275	1
t70811	1
t81410	0
t70813	0
t95781	1
t69955	0
t28325	1
t90576	1
t24099	0
t57729	1
t81092	1
t86717	0
t3716	0
t27333	1
t39893	1
t46045	0
t72376	1
t93019	1
t51757	1
t56522	1
t90995	0
t55376	0
t66102	1
t1643	0
t4622	1
t85337	1
t10425	0
t5489	0
t12150	0
t31706	1
t72264	0
t5037	0
t56072	0
t72048	1
t84046	0
t35195	0
t82440	0
t71781	0
t6281	1
t47612	0
t43138	0
t60698	1
t53859	1
t41922	0
t61535	0
t4626	0
t39167	0
t36883	1
t55418	1
t2678	0
t96381	1
t56149	1
t87499	0
t60863	1
t33278	0
t62533	0
t50908	1
t1305	0
t56198	0
t26397	0
t42045	1
t58300	0
t22667	0
t66181	0
t12050	0
t98769	1
t49175	0
t57565	0
t57446	1
t61801	1
t39132	0
t88303	0
t35643	1
t92470	0
t38231	0
t43836	0
t89094	0
t83185	1
t8004	1
t72825	1
t17768	0
t15720	1
t1619	1
t27859	1
t97608	1
t35208	0
t17782	0
t5673	1
t40716	0
t54776	1
t8692	0
t1464	0
t14162	1
t24603	0
t38058	0
t66943	0
t78326	1
t80421	0
t54366	0
t60986	0
t96434	0
t50620	1
t18805	0
t32500	0
t74643	0
t61197	1
t19770	0
t65944	0
t84304	0
t26644	1
t92325	0
t37975	1
t56455	0
t36557	1
t64118	1
t57976	1
t8541	0
t44821	0
t38353	0
t81954	0
t62644	0
t32923	1
t4019	0
t81070	1
t3033	0
t2534	0
t50033	1
t84001	1
t75664	0
t42337	1
t79742	1
t31858	1
t82871	0
t1521	1
t57235	0
t31745	1
t49462	0
t58861	1
t75963	1
t63076	1
t64378	1
t31440	0
t33671	1
t55987	0
t22415	1
t70537	1
t62039	0
t55317	1
t73628	1
t24934	0
t49113	0
t95477	1
t36411	1
t61032	1
t28026	1
t621	0
t56934	1
t82374	0
t69336	0
t9064	0
t36235	0
t38033	0
t26815	0
t13065	0
t67880	0
t87263	0
t42635	0
t81698	0
t78600	1
t49526	0
t55496	1
t57555	0
t59671	0
t37714	0
t96321	1
t72834	0
t86215	1
t80980	0
t68921	0
t65486	0
t56210	1
t39352	0
t31026	0
t86516	0
t59052	1
t31286	1
t98197	0
t51819	1
t80753	0
t92886	1
t40073	1
t96631	1
t98404	0
t46351	0
t42071	0
t66513	0
t13965	0
t273	0
t54160	1
t61953	0
t98864	0
t55721	0
t96413	1
t38533	1
t95292	1
t30121	0
t71146	0
t57640	0
t30567	0
t97611	1
t57685	0
t7975	1
t600	0
t71773	1
t94514	1
t53787	1
t57190	0
t51800	0
t53772	1
t91798	0
t4115	0
t36194	1
t64496	1
t32244	0
t92219	0
t11022	1
t18987	0
t90830	1
t69714	1
t12286	1
t93837	0
t57928	1
t64236	1
t84748	0
t48018	0
t29524	1
t87114	0
t83674	0
t48407	0
t62210	1
t79323	0
t95458	0
t33624	0
t11342	0
t40601	0
t74561	1
t24209	0
t53931	0
t54498	0
t20876	0
t16010	1
t34711	0
t33004	0
t65868	1
t62385	0
t63343	1
t44829	1
t92111	1
t21890	0
t71779	0
t67299	0
t67886	1
t6428	0
t5808	0
t18593	0
t61813	1
t8860	0
t24477	1
t87483	0
t85119	0
t99051	0
t50991	1
t91888	1
t13841	1
t41823	0
t38107	0
t68328	1
t40126	0
t1653	0
t85269	1
t73175	0
t83987	0
t25710	0
t92246	1
t90964	1
t89532	0
t47254	1
t88767	0
t46217	0
t75593	0
t19732	1
t825	0
t8261	1
t77934	1
t13759	1
t79246	0
t19890	1
t5436	0
t45164	1
t57586	0
t59164	1
t1003	0
t52407	0
t32914	0
t74384	1
t31176	0
t25848	0
t32447	0
t2029	1
t73261	0
t67879	1
t14009	1
t71108	0
t24096	0
t25691	0
t93285	1
t82333	0
t75085	0
t64238	0
t13360	1
t76344	1
t5815	0
t78806	1
t55677	1
t50155	0
t25123	0
t24975	0
t47623	0
t92376	0
t86814	1
t19436	1
t19938	0
t68718	0
t9755	1
t24289	1
t22728	0
t8488	1
t40480	0
t78223	1
t18391	1
t75016	1
t293	0
t10596	1
t19127	1
t97322	0
t26753	0
t24741	1
t44300	1
t13672	0
t69962	0
t76023	0
t1957	1
t70725	0
t33683	1
t28850	0
t27558	0
t6708	0
t30933	0
t2541	0
t65584	0
t96317	0
t18165	0
t43171	0
t63896	0
t7073	1
t74186	1
t32092	0
t55081	1
t77866	1
t49971	0
t95318	0
t10633	0
t28523	0
t88555	0
t74153	0
t44066	1
t71449	0
t28132	0
t92821	1
t91187	0
t56813	1
t45820	0
t98075	0
t87674	1
t71864	1
t44597	0
t8417	0
t26768	1
t31624	1
t86225	0
t23781	1
t30544	0
t51746	0
t6627	1
t89163	0
t33064	0
t59739	0
t63423	0
t97421	0
t35944	1
t57720	1
t76110	1
t8255	0
t6118	0
t91984	0
t89744	0
t56644	0
t72409	1
t87898	0
t99304	1
t38412	1
t42943	1
t12025	0
t64904	0
t27483	0
t69113	1
t47197	0
t1738	0
t11375	1
t39082	0
t24143	1
t9937	0
t92887	0
t26108	0
t58459	1
t75364	0
t51289	0
t61993	0
t22729	1
t7782	1
t23300	0
t72286	0
t75567	0
t27177	1
t38808	0
t3889	1
t6252	1
t79752	0
t50808	1
t80966	1
t48361	0
t42923	0
t98472	0
t87565	1
t98142	1
t44827	0
t55842	0
t16770	1
t40237	1
t14408	1
t80525	1
t69638	0
t85981	1
t11503	0
t3152	1
t12194	0
t52640	0
t98205	0
t14934	1
t32035	0
t34097	0
t87008	0
t72672	1
t83652	1
t64074	0
t33776	1
t50031	0
t5310	1
t78045	0
t93259	1
t378	1
t69918	1
t88789	0
t58757	0
t6570	1
t81875	1
t48411	1
t71348	0
t13179	0
t43067	0
t5786	0
t83531	0
t88462	0
t15674	0
t73132	0
t8358	1
t13914	1
t34366	0
t51683	0
t62453	0
t8753	0
t52709	0
t20683	0
t73540	0
t88791	0
t22934	0
t91219	0
t74509	1
t93673	0
t43854	0
t24938	1
t91676	1
t44710	0
t12364	1
t5879	1
t92880	0
t64069	0
t11703	1
t76267	0
t3182	1
t18550	0
t15380	0
t32716	1
t56506	1
t7360	0
t56472	0
t61288	1
t55367	0
t31145	1
t24666	1
t53320	0
t46168	0
t73416	0
t71068	1
t93992	0
t97221	0
t44052	0
t29887	1
t45595	1
t17414	0
t45279	0
t80481	0
t79862	1
t79367	1
t95006	0
t28459	0
t15891	1
t83805	1
t91781	0
t76140	0
t70422	0
t47509	0
t33215	1
t54050	1
t89585	1
t57469	0
t91571	0
t77575	0
t4702	0
t37644	1
t24292	0
t13249	1
t11272	0
t87303	1
t52306	1
t16229	0
t23340	1
t43759	1
t85381	1
t73806	0
t60218	0
t12988	1
t79743	0
t6477	1
t95868	1
t17087	1
t29239	0
t96768	1
t56791	1
t24068	0
t85382	1
t60457	0
t58745	1
t19397	0
t21608	0
t89356	1
t10813	0
t18480	0
t33265	0
t97307	0
t48868	1
t77987	1
t35012	0
t24218	0
t33967	1
t94114	1
t21853	1
t70158	0
t38604	1
t62282	0
t87251	1
t87820	0
t99307	0
t43855	0
t32982	0
t88816	0
t39368	0
t75178	1
t85170	1
t88477	1
t76830	0
t77773	0
t46756	1
t90662	0
t31459	1
t60529	0
t63875	1
t11008	1
t3733	0
t30189	0
t8976	0
t97284	0
t40874	0
t44519	0
t19220	0
t43798	0
t9339	0
t84450	1
t43498	0
t96644	0
t34224	1
t57574	1
t41301	0
t72914	0
t8555	0
t15291	0
t84854	0
t76062	1
t21226	1
t15558	0
t7803	1
t3477	1
t30206	1
t76630	0
t54114	1
t90103	1
t87817	0
t74115	0
t24880	1
t62872	1
t78662	1
t89115	1
t38946	0
t32647	1
t89080	1
t74682	1
t30681	0
t34848	0
t90139	0
t19918	0
t883	0
t81947	0
t47417	1
t90232	0
t32417	0
t26524	1
t74177	0
t66984	0
t8196	1
t30883	0
t81448	0
t42906	0
t92596	1
t95223	0
t87937	0
t62455	0
t5265	1
t33074	0
t67518	0
t84562	0
t91760	0
t73668	1
t22545	0
t3102	1
t32683	0
t71336	0
t3025	1
t57867	0
t14041	1
t39757	0
t55825	1
t15551	0
t65432	0
t11090	0
t23811	0
t17661	1
t80493	0
t46806	0
t79424	1
t87916	0
t15064	0
t54579	0
t37263	0
t80947	1
t51543	0
t16342	0
t96004	1
t9975	0
t58261	1
t39612	0
t19002	1
t21932	1
t85828	0
t51422	0
t66222	0
t18730	1
t92779	1
t92929	1
t51739	0
t48395	0
t41568	0
t65075	1
t85027	0
t67176	1
t39183	0
t42652	1
t72176	1
t62984	0
t69961	1
t15663	0
t97769	1
t36126	1
t62587	1
t7272	0
t50767	0
t63658	0
t9490	0
t36682	0
t75996	1
t95827	0
t98378	0
t39822	0
t19984	1
t45180	0
t47510	0
t55983	0
t91418	1
t52285	0
t572	0
t74095	1
t99029	0
t12118	0
t28131	1
t72830	0
t79632	1
t82017	1
t38641	0
t46044	1
t47847	1
t22677	0
t28192	1
t45818	0
t70016	0
t45430	1
t48774	0
t82754	1
t93879	0
t4796	0
t94831	0
t39190	0
t74786	1
t10238	0
t80541	0
t12366	1
t78026	0
t37092	1
t26977	0
t3677	1
t77824	0
t27570	0
t22129	1
t81870	0
t931	0
t66748	0
t81151	0
t9854	0
t46934	0
t84598	0
t95843	0
t20983	0
t38689	0
t43657	1
t54179	0
t91547	1
t35891	1
t38843	1
t79097	0
t15143	0
t66915	1
t36304	1
t8362	1
t49544	0
t45450	1
t59205	0
t29327	0
t93181	0
t35533	0
t34720	0
t91865	1
t46854	0
t70161	0
t54150	0
t49185	0
t33356	0
t59932	1
t15810	0
t17379	1
t76248	1
t70879	1
t27292	0
t97109	0
t14186	0
t65500	1
t66476	0
t20122	0
t71313	1
t57945	0
t19712	1
t79021	0
t995	1
t78490	1
t43752	1
t34705	0
t37694	1
t98841	1
t36574	0
t48374	0
t10432	0
t95736	0
t4875	0
t48540	0
t54159	0
t85247	0
t51264	0
t37619	0
t20117	0
t36590	1
t5656	1
t86976	0
t3919	1
t34252	1
t34723	0
t58128	1
t27240	1
t14426	0
t20880	0
t46385	0
t79562	1
t85275	1
t59436	0
t63800	0
t83230	1
t90469	1
t22811	0
t54383	0
t53823	1
t44631	1
t96273	0
t61374	1
t42820	0
t77264	1
t55620	1
t71552	0
t58965	1
t71489	0
t58764	0
t37880	1
t98129	1
t75580	1
t11705	1
t87409	0
t23546	1
t42032	0
t81158	0
t96976	0
t85686	1
t67443	1
t8410	0
t43000	0
t89127	1
t16602	1
t73498	0
t50613	1
t68620	1
t37861	0
t92595	0
t46510	0
t99037	0
t93806	0
t14886	0
t33196	1
t96892	1
t45004	0
t7985	0
t71072	1
t12671	0
t69432	0
t44439	1
t94510	1
t28101	0
t88227	1
t6988	0
t69047	0
t55570	1
t14415	1
t39689	1
t32495	0
t63973	1
t29198	1
t43995	0
t82082	0
t62884	0
t92523	0
t43561	1
t27513	0
t4629	0
t81813	0
t64571	1
t93852	1
t20610	0
t23312	0
t40188	0
t41993	0
t14983	0
t73817	0
t72803	0
t98188	1
t50938	1
t58243	0
t93659	1
t19804	1
t28911	0
t16472	1
t85046	0
t5730	0
t18984	0
t3457	1
t40981	1
t11536	0
t57106	0
t43103	0
t44377	0
t24903	1
t18903	1
t44536	1
t44396	1
t50121	0
t84107	0
t96924	0
t38874	0
t87670	1
t94239	1
t445	1
t79267	0
t15206	1
t53505	1
t83192	1
t72029	1
t19004	1
t88208	1
t56953	1
t49999	0
t13744	0
t69901	0
t54336	0
t42629	0
t23524	1
t40211	0
t67812	1
t69572	0
t24596	1
t53387	0
t27247	0
t19360	0
t94417	0
t76987	0
t75082	0
t50630	0
t47399	0
t88616	0
t30646	1
t8708	1
t45953	1
t97970	0
t23385	0
t82862	1
t72418	0
t94225	0
t5519	0
t9869	0
t76107	0
t24870	0
t4236	0
t24756	0
t31596	0
t74531	1
t75421	0
t77256	0
t83019	0
t80672	1
t78347	1
t87881	1
t67840	0
t81607	0
t20457	0
t69796	1
t30654	0
t55550	0
t65799	0
t64746	0
t69890	1
t52249	0
t41402	1
t61756	1
t15996	0
t37978	0
t74592	0
t98825	1
t85475	1
t65275	0
t29521	0
t45417	1
t97770	1
t70136	0
t93827	0
t64316	1
t21916	1
t82946	1
t88905	0
t79349	1
t61470	0
t7220	1
t60973	1
t48467	1
t94313	0
t73081	0
t42691	1
t36125	1
t75589	1
t65237	1
t74647	0
t59453	1
t98597	1
t17356	1
t17452	1
t45381	0
t2789	0
t20372	0
t70818	0
t79506	0
t42248	0
t27790	0
t63246	0
t26410	0
t93875	0
t7454	0
t8907	1
t1304	0
t23761	1
t12206	0
t397	1
t83633	0
t76485	0
t73212	0
t65610	1
t95597	0
t85595	0
t72764	0
t43139	0
t40676	1
t71490	1
t82250	1
t54935	1
t78578	1
t29568	1
t2418	1
t23653	0
t14779	0
t46109	0
t57144	0
t22223	0
t60771	0
t77090	0
t97051	0
t27351	0
t46086	1
t4020	0
t57014	0
t89976	0
t97135	1
t28349	0
t30199	0
t29444	0
t8486	0
t26342	0
t66896	1
t91055	1
t58466	0
t21506	1
t8383	1
t83016	1
t37083	1
t89843	0
t41399	0
t61325	0
t9980	0
t81804	0
t741	0
t71428	0
t65419	1
t30115	0
t60881	0
t28394	1
t98538	1
t80178	0
t79443	0
t86835	1
t95054	1
t54681	1
t36906	0
t90246	1
t68624	0
t51939	1
t899	0
t72058	1
t94291	0
t40340	0
t15225	1
t12072	1
t43930	0
t41191	0
t91440	0
t93948	0
t20409	0
t97447	0
t98716	0
t12532	1
t97287	1
t5680	0
t38270	0
t36634	0
t26426	0
t66452	1
t88229	0
t21709	0
t90275	1
t14133	1
t63630	0
t85579	0
t41179	0
t78343	1
t57662	1
t91802	0
t66408	1
t24089	0
t51312	0
t57822	0
t9754	0
t73547	0
t26463	0
t6210	1
t41101	1
t54756	0
t12064	0
t46097	1
t39930	0
t59481	0
t46551	1
t77737	1
t87755	0
t58918	0
t14051	1
t75564	0
t67642	1
t50583	0
t51349	0
t67675	0
t50428	0
t9316	0
t87182	1
t4944	0
t43606	1
t61417	1
t51893	0
t89587	0
t6930	1
t96204	1
t31816	1
t38357	1
t17014	1
t63040	1
t42656	1
t40589	0
t2402	1
t10037	0
t1703	0
t19803	0
t39704	1
t92578	1
t80315	0
t74974	1
t35090	1
t97125	1
t51489	1
t83801	0
t53210	0
t41322	0
t72011	0
t34796	1
t17105	0
t52633	1
t85199	0
t9894	1
t13867	0
t23419	0
t13691	0
t86110	0
t45946	1
t8565	1
t87243	1
t46332	0
t67669	0
t54709	1
t90873	0
t59220	0
t11162	0
t25684	1
t7673	1
t24915	1
t8711	1
t93416	1
t50294	0
t64371	1
t55724	0
t65869	0
t30202	1
t15148	0
t34133	1
t33535	0
t69525	0
t68873	0
t40394	0
t84110	0
t91857	0
t8357	0
t76807	1
t17553	0
t77217	0
t13808	0
t44330	1
t18570	1
t32323	0
t45561	1
t40610	1
t82367	0
t56418	1
t45896	1
t6356	0
t16036	0
t42512	0
t87284	1
t45536	0
t69821	0
t31247	1
t79411	0
t43476	0
t87585	0
t9035	1
t30758	0
t50637	1
t69195	0
t63450	0
t12552	1
t92731	0
t50902	0
t91679	1
t48807	0
t54660	1
t2332	1
t8569	0
t9851	1
t32783	0
t56854	0
t85518	0
t22221	0
t2581	0
t17361	0
t81105	0
t21748	0
t60228	1
t38918	1
t71755	0
t19828	0
t84337	0
t89390	0
t50888	0
t26162	0
t55863	1
t25391	0
t68871	0
t35168	0
t56022	1
t14083	1
t96409	0
t30041	1
t71051	1
t19280	0
t85001	0
t7997	1
t71073	0
t97909	0
t11549	0
t91974	0
t33488	0
t646	1
t66237	0
t57507	1
t21235	0
t41904	0
t47029	1
t67494	0
t80091	0
t6191	0
t6359	1
t32688	0
t68061	0
t26873	1
t43790	0
t90295	0
t73553	0
t2633	0
t4801	1
t17702	0
t31381	0
t71420	1
t10031	1
t51668	1
t73822	1
t63413	0
t53821	0
t11195	1
t2288	0
t18635	1
t34838	0
t98826	0
t18064	1
t26265	0
t69908	0
t2522	1
t74343	1
t23003	0
t86768	1
t62074	0
t85488	0
t84140	1
t7733	0
t23704	0
t15412	1
t14527	0
t2776	1
t29165	0
t65840	1
t23224	0
t85226	0
t42799	0
t32432	1
t91737	0
t50485	0
t59843	0
t79656	0
t58889	0
t11821	0
t95548	0
t50723	1
t55576	0
t41556	0
t16925	0
t68233	1
t97811	1
t88014	1
t66964	1
t23098	1
t73901	0
t70734	0
t10682	0
t32979	0
t96081	0
t92147	0
t97494	1
t8679	0
t2383	1
t73615	0
t6194	1
t45272	1
t75235	0
t97670	1
t93621	0
t38068	0
t62652	0
t3618	0
t37314	1
t76017	0
t59823	0
t67905	1
t35446	1
t38852	0
t67809	0
t69286	1
t8201	0
t49956	1
t35640	0
t57801	0
t74694	1
t48863	0
t48967	0
t15334	0
t35478	0
t1095	1
t23119	1
t4977	0
t73972	1
t29152	1
t92441	1
t94210	0
t1651	0
t32474	1
t1928	0
t29329	1
t44176	0
t32711	1
t97181	0
t33041	0
t28885	0
t80308	1
t91716	0
t88873	1
t69022	0
t95025	0
t19425	0
t42116	0
t61960	1
t82007	1
t50100	1
t61441	0
t63344	1
t71067	1
t32955	1
t97246	0
t90424	0
t98615	1
t77643	1
t86028	0
t66005	1
t16439	1
t17282	1
t68062	0
t52524	0
t24745	0
t66586	0
t62938	1
t42368	0
t71185	1
t31567	1
t24122	0
t47485	0
t85278	0
t41204	1
t64312	1
t42529	1
t13398	0
t49520	0
t7771	0
t39023	1
t83106	0
t96285	1
t73643	1
t42001	0
t29248	1
t51463	0
t40758	0
t59103	0
t6206	0
t26992	1
t72194	0
t41106	0
t7539	1
t15294	0
t28089	0
t7529	0
t40554	0
t26637	0
t61398	0
t80452	1
t30818	0
t43688	1
t67863	1
t18793	0
t85837	1
t24632	0
t99251	0
t25339	0
t65878	0
t83240	0
t607	0
t48471	1
t3856	0
t77520	0
t57943	1
t18833	1
t17275	1
t75071	0
t15333	0
t76942	0
t54371	1
t25408	0
t97989	1
t14215	0
t53418	0
t5779	0
t15596	1
t96166	0
t14754	1
t97943	1
t39628	1
t43038	0
t12533	0
t97759	0
t90545	0
t84728	1
t84831	0
t50127	1
t14060	0
t3544	1
t82899	1
t84673	0
t77488	0
t15967	0
t56822	1
t84716	0
t48460	0
t18917	0
t48358	1
t66711	1
t87361	0
t84806	1
t44412	0
t40041	0
t77626	0
t77476	0
t11608	0
t71031	0
t27753	0
t62247	0
t11096	0
t1014	1
t87354	0
t43066	1
t26019	0
t81073	1
t11104	1
t80086	0
t83353	1
t64239	0
t10270	0
t38186	1
t47181	1
t27617	0
t34686	0
t41432	0
t73124	0
t3607	1
t31864	0
t12568	0
t83338	1
t91393	0
t37776	0
t22714	0
t42589	1
t26109	0
t65939	1
t66904	1
t65926	0
t43457	0
t32269	0
t46306	0
t22444	1
t1659	0
t60743	1
t34894	0
t48900	0
t13162	1
t27020	0
t95514	0
t1208	0
t98729	1
t44917	0
t77916	0
t34575	0
t48843	0
t72316	0
t68282	0
t13561	0
t95738	1
t47452	1
t54556	1
t55791	1
t63418	0
t19108	1
t92237	0
t89945	0
t54605	0
t34861	0
t51695	0
t11045	0
t95721	0
t83731	0
t42317	0
t10554	1
t33171	0
t83595	0
t5182	0
t97424	0
t92453	1
t55726	0
t33717	0
t7900	1
t9279	0
t42683	0
t90673	1
t93414	0
t82247	0
t10854	1
t381	0
t86937	0
t75526	0
t41798	0
t85798	0
t19381	1
t62330	1
t50149	0
t11917	0
t73128	0
t45020	0
t39528	0
t9858	1
t47645	1
t62011	0
t71421	0
t1642	1
t93841	1
t62677	0
t91133	0
t54576	1
t30665	1
t91803	1
t71833	1
t44154	1
t74470	1
t54199	0
t95096	0
t76606	0
t23643	1
t47696	0
t77545	0
t84160	0
t19	0
t78653	1
t91916	1
t97793	0
t12559	0
t10375	1
t61303	0
t17158	0
t87210	1
t13531	1
t14773	1
t8496	1
t90104	0
t28520	0
t55870	0
t50191	1
t61862	0
t46842	1
t89065	0
t17030	0
t54860	0
t41280	1
t42751	1
t507	1
t5949	0
t24847	0
t56931	1
t25216	0
t20879	0
t53731	0
t98890	1
t83830	1
t40082	0
t1877	1
t76102	0
t83467	0
t69151	1
t74305	0
t14914	0
t49298	0
t55185	1
t35495	0
t33853	1
t17654	1
t95091	1
t33861	0
t12633	1
t8311	1
t27482	1
t54809	0
t41434	0
t8547	0
t57438	1
t13861	1
t78894	0
t16343	1
t88010	0
t25201	1
t89164	1
t86048	0
t75036	0
t4606	0
t60482	0
t58373	0
t66542	1
t83777	1
t40734	0
t97721	0
t12075	1
t37139	0
t4493	0
t22291	0
t82368	0
t73557	1
t50619	1
t25070	1
t92712	0
t5607	0
t32209	0
t12619	1
t31631	0
t54537	0
t61719	1
t82633	1
t11620	1
t87892	1
t18789	0
t38451	0
t42840	1
t82249	0
t94662	0
t48685	1
t99130	0
t80551	0
t98950	0
t76273	0
t56878	1
t71440	0
t67914	0
t12966	1
t21913	0
t98652	0
t7371	0
t49623	0
t95567	0
t26139	1
t5212	0
t13886	0
t990	0
t4200	1
t97141	1
t86328	0
t7648	1
t41181	0
t62922	1
t27073	1
t55396	1
t62372	1
t96651	0
t9305	0
t30095	0
t7448	1
t30688	0
t34438	1
t77686	1
t81802	0
t37272	0
t69183	0
t66813	0
t56696	0
t88763	0
t35094	0
t79057	1
t87432	0
t8632	1
t73687	0
t43399	1
t63993	0
t51206	0
t95925	1
t19628	1
t52859	0
t18305	0
t21545	1
t52469	1
t11212	1
t13485	0
t14363	0
t4932	0
t17970	0
t63805	0
t76475	0
t89590	1
t27616	0
t11723	1
t76142	1
t27227	0
t97801	1
t98493	1
t92116	0
t41099	0
t47840	0
t68883	0
t60316	0
t26411	0
t28152	0
t98017	1
t88262	1
t39269	1
t40578	1
t31612	1
t71344	0
t18308	0
t67889	1
t51566	0
t44450	0
t64540	1
t6887	0
t15193	0
t67643	0
t30381	0
t89239	1
t46419	1
t73160	0
t43609	0
t6718	0
t59283	0
t43747	0
t39018	0
t71873	0
t37556	1
t61280	0
t90185	0
t8093	0
t67793	1
t19092	0
t23785	1
t25205	0
t28463	1
t29258	0
t36730	0
t23517	0
t16767	1
t39245	1
t78652	0
t48559	0
t46627	0
t24721	0
t7009	0
t10132	0
t16416	1
t72747	0
t87955	0
t85283	1
t22753	0
t80814	1
t36459	1
t93274	0
t39543	1
t64667	0
t89188	0
t77357	1
t61358	0
t19369	0
t77136	0
t68646	0
t90769	1
t81314	1
t84237	1
t71390	0
t1315	1
t63613	1
t31448	0
t33933	0
t33555	1
t47651	0
t28935	1
t14419	0
t73953	0
t66274	1
t9803	0
t63161	0
t78361	0
t32709	1
t93079	1
t88923	0
t24658	0
t27201	0
t23516	0
t40525	1
t39654	0
t82254	0
t84383	1
t82857	0
t75448	0
t66961	1
t32196	0
t60447	0
t10167	0
t8161	0
t88102	0
t70175	0
t50687	0
t44652	1
t4090	1
t96340	0
t6482	0
t88650	0
t62141	0
t94709	1
t78589	1
t4475	0
t91085	1
t49222	1
t67496	0
t7455	0
t82096	0
t24642	1
t561	0
t74439	0
t55977	0
t85646	0
t75772	1
t65264	1
t65317	1
t17221	0
t58030	1
t68991	1
t60527	0
t83673	1
t97354	1
t78438	0
t86907	0
t57768	1
t9061	0
t16747	0
t2865	1
t83100	1
t43861	0
t36739	1
t65462	0
t56010	1
t90987	0
t84968	0
t84080	1
t63732	0
t71285	1
t95686	0
t81526	0
t47374	1
t9188	0
t83887	0
t86617	0
t43672	0
t585	0
t41447	1
t37532	0
t8958	0
t87672	0
t5238	0
t92705	1
t87642	0
t123	0
t42542	1
t6058	1
t39598	0
t98176	1
t65332	0
t32581	0
t14708	0
t14235	0
t13326	1
t96728	1
t9762	0
t35392	1
t96391	1
t73985	1
t93853	1
t25235	1
t41028	1
t95698	0
t24512	0
t78323	0
t24047	1
t88588	1
t77393	0
t57320	0
t93722	1
t87888	0
t41067	0
t10879	0
t79258	1
t76254	1
t23231	0
t8887	0
t56697	0
t12066	1
t52050	1
t60764	0
t85005	1
t22821	1
t52725	1
t90527	1
t95348	1
t67904	1
t87240	0
t32980	0
t25097	0
t78140	1
t90517	1
t42488	0
t8529	1
t35	1
t73335	0
t23716	0
t12005	1
t41926	0
t84022	0
t20594	1
t40717	0
t99128	0
t51367	0
t3061	1
t28060	0
t39879	0
t84930	1
t67964	1
t40733	0
t80207	0
t92562	0
t25480	0
t69145	1
t19388	0
t38816	1
t97254	1
t30382	1
t41455	0
t51370	1
t77400	0
t88495	0
t98703	0
t25842	0
t69296	1
t26659	1
t98955	0
t42089	0
t95959	1
t70829	0
t59445	1
t74884	0
t69970	0
t90074	0
t50119	0
t58154	1
t19829	0
t92616	0
t26244	1
t29433	0
t30501	1
t63462	1
t12929	1
t31506	0
t62773	0
t47194	1
t72082	1
t27877	0
t81119	0
t36997	1
t4803	0
t57170	0
t38885	0
t62778	1
t11326	0
t29587	0
t36860	0
t71303	1
t77064	1
t97598	0
t98973	1
t41080	0
t8141	0
t42029	1
t81213	1
t41824	1
t69571	1
t47566	0
t95481	1
t77791	1
t25974	1
t83218	0
t27343	0
t35995	1
t7152	0
t44108	0
t26000	1
t30099	0
t22742	1
t39079	1
t65837	0
t99259	0
t91054	0
t19807	1
t41583	0
t22894	0
t73856	1
t93866	1
t35403	0
t44327	0
t51336	0
t79559	0
t73104	1
t39641	1
t21761	0
t22873	1
t87069	1
t75618	1
t63988	1
t54135	0
t81944	1
t25960	1
t86664	0
t18978	0
t68738	1
t50633	0
t73461	0
t93330	1
t47824	0
t80983	1
t80177	0
t58295	1
t83466	0
t7124	0
t78042	0
t49166	1
t35496	0
t90605	0
t57936	1
t43343	1
t53812	0
t45981	1
t46979	0
t3098	1
t97360	1
t43025	1
t58624	1
t32228	0
t22243	0
t90240	0
t60182	1
t62185	0
t17924	1
t31350	1
t20476	1
t84925	1
t7408	1
t67869	1
t58169	0
t94916	1
t67227	1
t85342	1
t35000	0
t83159	0
t67284	1
t7819	0
t52627	0
t24148	0
t27298	0
t27301	0
t65740	0
t11813	0
t67633	1
t46777	1
t23683	0
t86528	0
t13141	0
t20862	1
t6947	1
t77055	0
t45743	0
t71228	0
t61031	1
t47857	0
t91568	0
t84374	1
t34991	1
t41529	0
t28064	1
t45228	1
t79169	1
t88355	0
t36917	0
t40713	0
t36668	1
t25587	0
t66210	1
t9691	0
t28792	0
t2421	1
t81117	0
t87522	1
t24691	0
t47820	1
t20402	1
t81645	0
t5160	1
t79217	0
t17475	1
t83584	0
t81602	1
t3363	1
t80073	0
t56041	0
t93918	0
t43866	0
t52823	0
t21349	1
t78297	1
t17548	0
t83616	1
t48878	0
t56986	1
t75587	0
t9655	0
t84626	0
t47310	0
t53489	0
t8315	0
t43714	1
t10212	0
t14946	0
t84185	0
t4750	0
t47231	0
t22271	0
t11248	0
t96993	1
t23334	1
t878	0
t36011	1
t29399	0
t10470	0
t45253	0
t2260	1
t48243	1
t10264	1
t91011	0
t78443	1
t95532	1
t28760	0
t51088	1
t97132	1
t50285	1
t10106	0
t32606	1
t88739	1
t27633	0
t95528	0
t18010	1
t64382	0
t865	0
t94322	0
t38129	1
t45149	1
t26282	0
t53298	1
t97168	1
t57929	0
t79816	0
t62294	0
t80933	1
t89544	0
t18334	1
t5555	0
t35393	0
t59207	0
t40362	0
t34709	0
t27147	0
t14185	0
t28839	1
t50397	0
t17051	1
t1045	0
t85353	1
t69471	1
t51499	1
t25660	0
t77930	1
t21236	0
t43052	1
t52926	1
t34341	0
t39470	0
t78961	0
t40607	0
t94795	1
t42095	0
t38721	1
t94403	1
t29769	1
t13282	0
t37457	0
t50246	0
t71521	0
t55326	0
t68267	1
t62599	1
t55107	1
t199	1
t57125	1
t80555	0
t84899	0
t98325	0
t15710	0
t88133	0
t41054	0
t58711	0
t38466	1
t43527	0
t49570	1
t27424	1
t13574	0
t27524	0
t7772	0
t18186	0
t59240	0
t53492	1
t16286	1
t84277	1
t7890	0
t27968	1
t9138	1
t89924	0
t47432	1
t141	1
t56923	0
t34118	1
t59849	0
t50584	1
t13182	1
t49600	1
t10808	1
t85694	1
t63007	0
t76476	0
t68597	1
t71302	0
t44508	0
t27078	0
t75220	1
t43708	1
t18122	1
t19450	0
t44372	0
t6676	1
t33613	0
t31321	1
t32833	0
t95074	0
t39174	1
t350	0
t73595	1
t66553	1
t44592	0
t26967	0
t3942	0
t18336	0
t87942	1
t49059	0
t97929	0
t19444	0
t2860	0
t10451	0
t70961	0
t94139	0
t51596	0
t21746	1
t46555	0
t38649	0
t83166	0
t66395	1
t84212	0
t55271	1
t30279	0
t15649	0
t2800	1
t42569	1
t73955	1
t59074	1
t25298	0
t58891	1
t5170	1
t32913	0
t77384	0
t82602	0
t69433	1
t32105	0
t58405	1
t8650	1
t78934	1
t35241	0
t56002	1
t59352	1
t92079	1
t72520	0
t59355	0
t56118	1
t57678	1
t72036	1
t79438	0
t811	0
t63508	0
t50012	0
t64871	0
t27988	1
t17794	0
t26654	0
t34192	0
t89050	1
t53157	1
t30520	0
t67198	0
t87826	0
t58953	0
t28554	0
t47664	0
t37329	1
t13226	1
t15192	0
t36166	0
t18416	0
t22199	0
t28014	0
t93206	1
t55589	0
t19999	0
t30372	1
t58617	0
t14829	0
t8364	0
t3800	1
t98460	1
t89904	0
t66583	0
t47166	0
t8265	0
t20832	0
t37918	0
t25766	0
t86281	1
t10693	1
t66892	0
t89575	0
t92543	1
t45337	1
t24893	0
t7655	0
t52677	0
t6000	1
t39866	1
t43728	0
t97574	0
t65601	1
t74377	0
t61825	1
t85014	1
t86239	1
t7296	0
t29389	0
t79759	1
t91960	1
t17743	0
t78971	0
t70381	1
t20732	1
t81805	0
t29015	0
t23698	0
t3664	1
t89366	0
t97329	1
t83872	1
t87671	0
t38210	1
t24690	0
t30180	0
t56134	1
t23055	0
t26754	0
t87164	0
t83221	0
t44537	1
t65514	0
t24005	1
t80860	0
t78709	0
t43051	1
t22320	0
t38865	0
t11966	1
t13340	0
t25406	0
t65098	1
t62699	0
t78834	0
t36091	0
t96422	0
t55110	1
t47308	0
t39175	1
t25867	1
t46741	0
t46195	1
t48159	1
t50148	0
t34535	0
t18041	0
t52779	0
t54866	0
t85372	1
t16129	1
t47543	0
t64847	0
t69200	0
t9019	1
t36031	0
t80675	0
t2299	1
t51804	0
t82793	0
t49954	1
t57276	0
t95573	0
t61195	0
t31106	1
t62105	0
t2295	0
t10419	1
t37962	0
t19743	1
t72390	1
t86425	1
t63045	1
t25474	1
t85770	0
t17984	0
t63655	1
t66199	0
t88486	0
t16561	0
t60029	0
t40172	0
t26277	1
t11120	0
t25107	1
t82441	1
t18150	0
t2731	1
t81998	1
t46829	0
t83282	0
t74063	0
t4399	0
t73123	0
t9627	0
t35979	0
t28143	1
t17287	0
t78741	0
t32038	1
t56059	0
t37545	1
t75529	1
t28090	1
t51866	0
t17744	0
t88620	0
t45880	0
t63264	0
t10953	0
t27391	0
t65618	0
t32799	0
t9767	0
t1719	1
t59897	0
t5106	0
t37656	1
t17721	0
t91606	0
t86742	1
t2975	0
t261	0
t43358	0
t40250	1
t34223	0
t6313	0
t85248	1
t96670	1
t13064	0
t73761	0
t20085	0
t58150	1
t1856	0
t79640	0
t59799	0
t85435	1
t31472	1
t37292	1
t96350	0
t49049	0
t29529	1
t42404	0
t27992	0
t87389	0
t23427	0
t25184	0
t88350	0
t70442	0
t18885	0
t23136	0
t45909	1
t70758	0
t25182	0
t52275	0
t1554	0
t31183	0
t49156	1
t5889	0
t18690	1
t52993	1
t52822	1
t58192	0
t77248	0
t47694	0
t19244	1
t92150	1
t82103	0
t50896	1
t61977	0
t76032	0
t19775	0
t77804	0
t42049	0
t85003	0
t57009	0
t53482	0
t43541	0
t95765	0
t25651	1
t34481	1
t35402	0
t16137	1
t63507	1
t86151	1
t86731	0
t97658	1
t33511	0
t36808	0
t43284	0
t95360	1
t72402	0
t16595	0
t65734	0
t45848	0
t61218	1
t51680	1
t70579	0
t34470	0
t94716	0
t36319	0
t95354	1
t34153	0
t71364	0
t23837	1
t92401	0
t82611	1
t37365	0
t96987	1
t20124	0
t65518	1
t33688	1
t59796	1
t26561	0
t71466	0
t79889	0
t10186	1
t87530	0
t97530	0
t56530	0
t20778	1
t83705	0
t90387	1
t13634	0
t4363	0
t83506	1
t50953	0
t32999	0
t82013	1
t82551	0
t97250	1
t27223	0
t59596	0
t86931	0
t38146	0
t77789	0
t26427	0
t30084	0
t92998	1
t54224	0
t27449	0
t55069	0
t75310	1
t68230	1
t3249	1
t69053	1
t8419	0
t88574	1
t95323	0
t74584	1
t82381	1
t43475	0
t53204	0
t53108	1
t45787	1
t2697	1
t38398	1
t1600	0
t39539	0
t24711	0
t15911	0
t98570	1
t95383	0
t69358	1
t57334	0
t40059	0
t49088	0
t50231	1
t64163	1
t62665	0
t97327	0
t98772	1
t85903	0
t45531	0
t34847	1
t29200	1
t77585	1
t82529	0
t32776	1
t91693	1
t87506	1
t2265	1
t38977	1
t35306	0
t46520	0
t24459	0
t5567	0
t46670	1
t41916	0
t18135	1
t1654	0
t42878	0
t8833	0
t33178	0
t91283	0
t9629	1
t49316	0
t80993	0
t4517	0
t39081	0
t51501	1
t1991	0
t74221	0
t77729	1
t83510	0
t16690	1
t22096	0
t4062	1
t73149	1
t26643	0
t51563	1
t92602	0
t20587	1
t34331	0
t42364	1
t3258	1
t24431	0
t17328	1
t50898	1
t39945	0
t2143	0
t25953	1
t15235	0
t9159	0
t22810	0
t38052	0
t27090	0
t44371	0
t50913	1
t21460	1
t16945	1
t40412	0
t14960	1
t89607	0
t43604	0
t55925	0
t88452	1
t41264	1
t279	0
t41198	1
t13528	0
t48330	1
t41940	1
t76614	0
t7204	1
t44186	1
t94713	0
t32469	1
t25248	0
t55810	0
t38278	1
t15056	1
t29312	1
t90013	1
t23828	0
t42199	1
t22383	1
t16534	0
t83198	1
t20347	1
t31467	0
t68474	1
t59538	1
t7919	0
t63417	0
t26730	0
t51894	1
t37433	0
t36490	0
t43493	1
t22219	1
t34551	0
t37297	0
t31633	1
t17469	0
t52961	0
t13283	1
t8080	0
t59222	0
t88025	1
t32412	1
t46031	0
t76219	1
t45928	0
t48276	0
t18812	0
t54792	1
t72184	1
t28388	0
t42664	1
t66093	0
t43950	1
t34271	0
t95913	0
t49697	1
t84416	0
t15431	0
t45513	0
t69735	1
t94774	0
t98764	0
t60191	0
t29218	0
t45613	0
t34719	0
t47106	1
t96813	0
t35726	0
t14218	0
t19308	0
t31376	0
t12421	1
t20641	0
t91678	1
t30659	1
t71677	0
t14120	1
t59067	1
t44159	1
t5230	1
t84096	0
t77681	0
t35416	1
t15799	0
t20829	1
t40946	1
t47553	0
t24481	0
t34930	0
t37971	0
t20495	0
t9516	0
t75648	1
t95703	0
t36542	1
t83589	0
t64260	1
t4087	1
t73523	1
t75903	0
t55918	0
t31543	0
t5013	0
t7799	0
t28632	1
t97534	0
t37398	0
t13376	0
t86773	0
t14744	1
t91436	0
t89571	0
t22053	0
t65394	0
t2784	1
t53185	0
t75506	1
t76860	0
t24259	0
t77484	0
t24469	1
t49923	1
t59627	0
t80775	0
t60626	1
t15035	0
t41752	0
t86594	0
t38297	0
t67345	0
t94496	0
t61355	1
t33072	0
t7274	1
t56442	0
t27758	0
t68121	1
t96271	1
t29786	0
t86844	0
t76688	0
t61783	1
t48770	1
t14953	0
t14156	1
t28419	0
t61652	1
t78337	0
t76694	0
t202	0
t7665	0
t82911	1
t56950	0
t12220	1
t88087	0
t78380	0
t76548	0
t12853	1
t64613	0
t67105	0
t48554	0
t86154	0
t10356	1
t91893	0
t85522	0
t41318	0
t5899	0
t92136	1
t58447	0
t56754	0
t53496	0
t53223	0
t15533	1
t96935	1
t23210	1
t4706	0
t41365	0
t20111	1
t55031	0
t34919	0
t74795	1
t88236	0
t83279	0
t89520	1
t19903	1
t77223	0
t44661	1
t18534	0
t82068	0
t82456	0
t93869	0
t28955	0
t42965	0
t28863	1
t77188	1
t57660	0
t70741	0
t51496	1
t43935	0
t96864	1
t91162	0
t31757	1
t679	1
t5199	0
t82716	0
t81635	1
t46863	0
t68926	0
t89021	0
t81865	0
t19805	0
t59517	1
t19972	1
t48660	0
t63169	0
t27615	0
t10208	1
t90009	0
t51663	1
t55067	1
t58040	0
t14772	1
t79304	0
t24241	0
t40808	0
t75605	1
t54805	0
t13157	1
t70654	0
t75728	0
t52978	1
t76670	1
t92113	0
t58217	0
t53801	1
t63951	0
t47577	0
t81483	1
t93820	0
t38751	0
t57369	1
t88382	0
t42319	1
t49492	1
t52906	0
t20039	0
t48255	0
t13468	0
t61520	0
t1291	0
t3866	0
t45604	0
t66006	0
t36209	0
t26334	1
t79004	0
t51936	0
t97908	0
t30079	0
t32282	0
t70584	0
t40027	0
t9498	1
t21638	0
t2237	0
t25650	0
t77163	1
t28583	0
t78314	1
t99163	0
t63325	0
t3257	1
t10397	0
t66215	0
t63499	1
t86812	1
t80057	1
t51404	1
t98891	1
t18056	0
t1055	1
t91400	1
t6994	1
t65197	1
t10647	0
t19305	1
t23088	0
t29596	0
t75585	0
t30297	0
t94498	0
t73997	0
t18097	1
t89568	0
t6177	0
t45899	0
t64460	1
t10604	0
t15755	1
t98935	0
t72734	0
t3186	0
t40163	0
t40779	1
t17103	1
t92546	0
t15998	0
t79700	1
t83135	0
t91037	0
t64152	0
t16530	0
t94895	0
t10395	0
t67488	0
t90290	0
t36667	1
t5396	1
t23678	0
t20748	0
t97066	0
t32466	0
t75923	0
t76147	0
t38069	0
t95658	0
t13443	1
t97037	1
t65421	1
t19551	0
t54045	0
t34886	1
t75973	1
t52149	0
t45843	1
t12672	1
t84767	0
t62248	0
t92100	0
t4965	0
t61164	1
t82174	1
t10335	1
t26741	1
t54734	1
t31116	0
t36899	0
t86446	0
t90717	0
t62407	0
t73515	0
t57804	1
t53125	0
t73331	0
t65131	1
t69437	0
t41815	1
t10804	1
t56221	1
t464	1
t13787	1
t54274	0
t82765	1
t73177	0
t16186	0
t7328	1
t46827	0
t67424	0
t67532	1
t20628	0
t7728	0
t32027	0
t5114	1
t71529	0
t53300	0
t54627	1
t51767	0
t85230	0
t85987	1
t91156	0
t3414	1
t64986	0
t25045	0
t60960	0
t18407	0
t75743	0
t13870	1
t14532	0
t69015	0
t6809	0
t21146	1
t26224	1
t84646	0
t3483	0
t85757	1
t55494	0
t22463	0
t29651	1
t39606	0
t59070	0
t46898	0
t94990	0
t22103	1
t23533	0
t71145	1
t55792	0
t52112	1
t58932	1
t78234	0
t29282	0
t82173	1
t19754	0
t39280	0
t83329	0
t30908	0
t77669	0
t96293	0
t40685	1
t36189	0
t29092	1
t68162	1
t56809	0
t91794	1
t33956	1
t8528	1
t9394	0
t53877	0
t42868	0
t55809	0
t77147	1
t81661	0
t26652	0
t35574	0
t43472	1
t16840	1
t36611	1
t13878	1
t4435	0
t88254	0
t26229	0
t55659	0
t45571	1
t93833	1
t86855	0
t61603	0
t2187	0
t60737	0
t63290	1
t54451	0
t18706	0
t19941	0
t72410	1
t44672	0
t16001	1
t91364	0
t61334	0
t45183	0
t37023	0
t50739	0
t73767	0
t60633	0
t7744	0
t83387	0
t57553	1
t14904	1
t71844	0
t74048	1
t76015	0
t47003	1
t25851	0
t52455	0
t31298	1
t62801	0
t98660	1
t69701	0
t30385	1
t84241	0
t68613	1
t95475	0
t32639	1
t7002	0
t81515	0
t65143	1
t74842	0
t64122	1
t95339	1
t4815	0
t23633	1
t22532	1
t70078	1
t516	0
t36653	0
t17708	0
t90474	0
t90767	1
t11136	0
t65813	1
t65027	0
t37205	1
t57096	1
t86708	1
t22072	0
t62620	0
t88749	1
t53187	1
t41032	0
t32981	0
t96406	0
t89781	1
t98351	1
t18822	1
t98724	0
t82622	0
t93465	0
t90509	0
t89023	1
t79013	0
t19197	0
t38211	0
t57172	0
t20583	1
t57173	0
t18786	0
t46358	0
t24616	0
t97088	1
t83112	0
t15319	1
t6033	1
t48778	0
t54991	0
t26712	0
t32561	1
t20938	0
t1259	0
t57785	0
t44136	1
t73968	0
t56170	1
t71462	1
t36208	0
t75549	1
t72243	1
t11729	1
t84554	0
t47879	0
t96627	0
t56415	0
t78032	1
t65619	0
t58130	0
t36362	1
t73526	0
t51019	0
t53848	0
t76016	1
t92361	0
t32641	0
t11416	1
t31097	1
t73003	0
t49274	1
t37588	0
t60593	0
t85406	0
t10829	1
t53104	1
t13359	0
t64372	1
t6928	1
t20137	0
t56327	0
t95496	1
t96910	1
t39788	0
t70130	0
t54755	0
t501	0
t26383	1
t62301	0
t61922	0
t22543	0
t34262	1
t37941	0
t73624	0
t39462	1
t89938	0
t96119	0
t17728	0
t7507	0
t16075	1
t30500	1
t21499	1
t52496	1
t78119	0
t95057	1
t44517	0
t3505	1
t38444	1
t52648	1
t13406	0
t51343	1
t7190	0
t61360	0
t64512	0
t55183	0
t28981	1
t50532	0
t19043	0
t88274	1
t47072	0
t94105	0
t41121	0
t34435	0
t8001	1
t17446	0
t85427	0
t27487	0
t63322	1
t14101	1
t67712	1
t28954	0
t92876	0
t98167	0
t98644	0
t95431	1
t84797	0
t74113	0
t34681	1
t64502	0
t37764	0
t26584	1
t14384	0
t79483	0
t27689	0
t52652	1
t16589	0
t6092	1
t70862	0
t78282	0
t71040	0
t72110	1
t30989	0
t48576	0
t45097	0
t18242	0
t55697	0
t96282	1
t2742	1
t24833	0
t20901	1
t70038	0
t32934	0
t57596	0
t75155	0
t21149	1
t3407	1
t1446	0
t60662	1
t1772	1
t61509	0
t43744	0
t35389	0
t24029	0
t72622	0
t12562	1
t68191	0
t55021	0
t88575	1
t41268	0
t66111	0
t61694	1
t86544	1
t24424	1
t40050	0
t2579	0
t40167	0
t29554	0
t63042	1
t16206	0
t96355	0
t9282	1
t97194	1
t89478	0
t24043	0
t23619	0
t91746	0
t33705	1
t42140	1
t63154	0
t30817	0
t26830	0
t71481	0
t32943	0
t99232	0
t65254	0
t77510	0
t79052	0
t24615	0
t98574	0
t38215	0
t63771	0
t35876	0
t52591	0
t26537	1
t27203	0
t70205	0
t41936	1
t16170	0
t26930	0
t88286	1
t39396	1
t73892	0
t45301	0
t27820	1
t52767	0
t88084	1
t63369	0
t30373	0
t52264	1
t61059	0
t8480	0
t81618	0
t52986	1
t27044	0
t20481	1
t92145	0
t52949	0
t50631	1
t36591	0
t3196	0
t48074	1
t67021	0
t58761	0
t40812	0
t89947	1
t2191	1
t22542	0
t33286	0
t19655	1
t96001	0
t44593	1
t38772	0
t34387	1
t7217	0
t86260	0
t62670	1
t74029	0
t73728	1
t70492	0
t48658	0
t50037	1
t55436	1
t36959	1
t83816	1
t41357	1
t25429	0
t49912	0
t59597	1
t60062	0
t36907	0
t8494	1
t52860	1
t39354	0
t65885	0
t64424	0
t31592	0
t76178	0
t29672	0
t19186	1
t16099	0
t67090	0
t73117	1
t81028	0
t81572	0
t59687	1
t73280	1
t66351	0
t68520	1
t55957	0
t77610	0
t81603	1
t90600	1
t33162	1
t37604	0
t50362	1
t63021	0
t81350	0
t80654	0
t14617	1
t21266	1
t32355	0
t9856	0
t28462	1
t89324	1
t67376	0
t52395	1
t58650	0
t520	1
t93514	1
t77260	1
t96634	1
t7566	1
t84879	1
t94573	0
t30744	0
t15385	0
t75356	1
t8144	1
t26454	0
t49411	1
t39196	0
t36638	0
t5955	1
t18675	1
t30125	1
t87084	1
t38402	1
t13334	0
t27171	0
t48507	0
t99276	0
t54281	0
t48964	1
t82466	1
t60719	0
t82761	0
t20222	1
t66873	0
t47922	0
t83377	0
t98422	0
t83880	0
t89959	1
t8125	1
t20512	1
t93749	0
t53201	0
t85549	1
t54783	0
t72361	1
t88636	0
t96944	0
t52994	0
t47823	1
t79608	0
t6242	0
t6797	0
t38379	0
t89513	1
t53439	1
t49352	1
t97901	1
t12870	0
t8353	0
t97966	1
t30061	1
t71240	1
t71339	0
t12486	1
t53195	1
t11588	1
t59989	1
t2943	1
t16868	0
t81196	0
t20126	0
t65638	0
t39083	1
t30036	1
t41127	0
t53909	0
t54235	0
t60286	1
t44511	0
t42133	1
t79460	0
t55190	0
t49047	0
t92839	1
t53519	0
t17088	1
t28836	1
t8153	0
t90132	0
t45367	1
t17678	1
t74832	1
t731	0
t70470	0
t4723	1
t45094	1
t65425	0
t84232	1
t94433	0
t76374	0
t70747	0
t85610	0
t65685	0
t89891	0
t2384	0
t93980	0
t46479	0
t31429	0
t57195	0
t17130	0
t19458	0
t13897	1
t13401	1
t55063	1
t72232	1
t53926	1
t74037	0
t54485	1
t93087	0
t16082	1
t54857	0
t68554	1
t72652	1
t52625	1
t69686	0
t40794	1
t69072	1
t19536	0
t36002	1
t70388	0
t4982	1
t26187	1
t7056	0
t29235	0
t69102	0
t75896	0
t26001	0
t46198	0
t9532	1
t84310	0
t75260	0
t18521	1
t45685	1
t45804	1
t20314	1
t66914	1
t12891	0
t41856	0
t13626	0
t54084	0
t20839	1
t41827	0
t85219	1
t67442	0
t32106	0
t44776	1
t52621	0
t7175	1
t94275	0
t1140	0
t63064	0
t63389	0
t12864	1
t55793	0
t11607	0
t70679	0
t69178	0
t88721	0
t75965	0
t66304	1
t76704	0
t70561	1
t46185	1
t27036	1
t85339	0
t85262	0
t1944	1
t43729	0
t69673	0
t16819	1
t455	1
t6971	1
t67490	0
t48126	0
t98281	1
t28992	0
t5342	0
t61067	1
t13847	0
t20852	1
t19720	0
t54189	0
t42062	0
t71021	0
t66488	0
t49164	1
t89043	0
t30719	1
t32408	1
t63874	0
t41527	1
t29879	1
t1135	0
t17069	0
t53846	1
t55890	1
t92306	1
t89407	0
t19700	0
t60298	0
t86331	0
t30706	1
t58585	0
t48654	1
t90595	0
t26571	0
t34741	0
t55023	1
t52703	0
t74016	1
t41771	0
t81183	1
t82140	0
t73449	0
t50649	0
t94367	1
t22269	0
t2974	1
t51508	1
t32178	1
t5006	1
t63328	1
t87677	1
t23347	0
t64609	0
t89663	1
t21348	1
t51884	0
t93950	1
t87085	0
t86130	0
t47383	0
t52119	0
t37196	1
t67691	1
t12479	0
t60010	0
t59090	0
t2501	0
t89675	1
t33158	0
t27017	0
t39516	1
t76685	0
t48796	0
t97624	1
t53443	1
t20786	1
t37321	0
t18358	1
t21405	1
t20857	1
t55080	0
t24070	1
t37215	0
t37388	1
t61419	0
t90736	0
t43832	1
t40502	1
t53217	0
t31278	0
t65894	1
t20143	0
t69428	1
t58981	0
t5107	0
t56884	0
t4069	0
t43325	0
t74009	0
t62073	0
t77469	0
t95436	1
t8213	1
t57147	1
t98744	1
t1394	0
t30285	0
t64761	1
t50109	1
t48480	1
t66845	1
t28119	1
t46357	0
t7364	0
t56556	0
t97550	0
t54887	1
t65509	1
t77605	1
t93213	0
t12319	0
t74269	0
t69304	1
t71283	0
t92189	0
t318	1
t58175	0
t27751	1
t89858	1
t58100	0
t14741	0
t49287	1
t63723	0
t83947	0
t24958	0
t58880	0
t73551	0
t41079	0
t82532	1
t29843	1
t11183	0
t83035	0
t3728	0
t33645	0
t44890	0
t1555	0
t80367	1
t54939	0
t14798	0
t87843	1
t89645	0
t44203	0
t75778	1
t35364	1
t7158	1
t18184	1
t10448	1
t6798	1
t21079	1
t15820	1
t5143	0
t42358	0
t35658	0
t3215	0
t47970	1
t30377	0
t13416	0
t26535	1
t55329	1
t78922	0
t42806	0
t91112	1
t33085	0
t41066	0
t20446	1
t98191	1
t72248	0
t97031	1
t93871	1
t60045	0
t96156	0
t29036	1
t70202	0
t75773	0
t3310	0
t20420	0
t83856	1
t83661	1
t42257	0
t41272	1
t55777	1
t14537	0
t54505	1
t84391	0
t74410	1
t26393	0
t86692	0
t3348	1
t84863	0
t49648	1
t37460	0
t61996	0
t603	0
t50418	0
t57312	1
t92682	0
t32026	0
t71606	1
t53285	1
t34716	0
t94453	0
t57706	0
t64527	1
t43546	1
t77396	1
t3945	0
t25277	1
t72211	0
t39627	0
t1082	0
t24410	0
t45893	0
t48186	0
t57556	1
t2375	0
t42443	0
t94938	1
t65611	1
t84247	0
t44988	0
t96002	0
t34589	0
t85997	1
t1791	1
t40207	0
t74266	0
t16833	0
t68436	0
t98362	0
t39852	0
t66802	0
t39772	1
t59356	0
t3699	0
t37097	1
t51941	1
t58548	0
t16662	0
t16018	1
t75679	1
t14880	1
t31828	1
t4721	1
t57847	1
t91903	0
t75780	1
t54654	0
t64741	0
t17997	0
t75583	1
t53721	0
t79238	0
t36689	0
t8909	0
t13236	1
t58372	0
t48564	1
t99168	0
t53414	1
t5796	0
t40608	1
t62782	0
t93379	0
t67344	1
t45023	0
t26979	0
t23561	0
t86910	1
t65445	0
t55555	0
t42502	0
t14323	1
t74858	1
t72370	0
t55855	1
t9234	0
t48335	0
t62716	0
t11626	1
t40112	0
t43742	0
t36716	1
t41547	1
t26981	1
t98604	0
t17556	0
t89329	0
t36706	0
t64158	1
t90399	0
t94391	1
t61579	0
t98223	1
t29178	0
t32195	0
t70997	0
t4593	0
t79145	0
t32611	1
t50737	1
t40271	1
t85556	1
t10324	1
t81359	1
t72846	1
t72297	1
t93788	1
t46649	0
t44165	0
t85436	0
t29619	0
t63366	0
t40075	1
t31750	0
t69020	0
t84511	0
t34314	0
t1256	1
t3333	1
t61506	0
t71955	0
t72609	0
t77911	1
t3588	0
t86873	1
t97714	0
t7875	0
t65415	0
t442	0
t7416	0
t21157	0
t1358	1
t92418	1
t38986	0
t77176	1
t28630	0
t12114	1
t33963	0
t10486	0
t97085	0
t40649	1
t55829	0
t4243	0
t7442	0
t80205	0
t80144	0
t99081	0
t10148	1
t57055	0
t23234	0
t5286	1
t66678	0
t89042	1
t58972	0
t3119	0
t58614	1
t47356	1
t40006	0
t91295	0
t92239	0
t99195	0
t53461	1
t73925	0
t56897	0
t40202	0
t75623	0
t39331	0
t41366	1
t78517	0
t88673	1
t37502	0
t33021	1
t32263	0
t66146	1
t60659	1
t36543	1
t77329	0
t87614	0
t94272	0
t51182	1
t26086	1
t43658	1
t75630	1
t53425	0
t82117	0
t93144	1
t11656	0
t5999	0
t83409	0
t20424	1
t84429	0
t35294	0
t48785	0
t38393	0
t31337	0
t95302	0
t64794	0
t94538	0
t2398	1
t606	0
t51760	1
t68835	0
t93888	0
t57111	0
t90525	0
t40590	0
t2190	1
t74673	0
t98765	1
t72155	0
t51859	0
t14066	0
t74986	1
t51954	1
t98342	1
t37907	0
t93965	0
t81259	0
t67917	1
t92720	1
t96236	0
t81453	1
t7571	1
t8661	0
t31870	0
t56206	0
t20135	0
t47230	1
t56015	1
t55771	1
t42013	0
t66823	0
t97887	0
t55331	0
t86681	0
t10515	1
t89411	0
t50963	1
t71692	0
t75644	0
t43869	1
t23642	0
t51074	0
t78027	1
t33903	0
t82586	1
t30561	0
t42951	0
t29502	1
t34096	0
t47082	1
t91028	0
t76185	1
t53403	0
t18711	0
t71082	1
t13495	0
t12825	1
t3142	0
t12166	0
t19677	1
t69115	1
t23988	1
t50638	1
t85755	1
t10228	1
t23180	1
t36892	0
t58969	0
t69764	0
t60312	1
t74360	0
t63131	0
t60281	0
t38249	0
t94085	1
t81923	0
t17079	1
t16087	0
t74210	1
t75940	1
t96485	1
t14226	0
t46542	1
t66799	1
t16241	0
t30781	1
t22600	1
t31200	1
t84455	0
t44218	0
t662	0
t53093	0
t1525	1
t7941	0
t31621	1
t28458	0
t78513	1
t57776	1
t73994	0
t28817	1
t14582	1
t96511	0
t77986	0
t82493	0
t12632	0
t17550	1
t55127	0
t30748	1
t19861	1
t8136	0
t47912	1
t97110	0
t89855	0
t39955	0
t10847	0
t8706	0
t33352	1
t78437	0
t10430	0
t76413	1
t57454	0
t96427	0
t44351	1
t81427	1
t47269	0
t42534	0
t71043	1
t53952	0
t43517	1
t18831	0
t22633	0
t8783	1
t8313	1
t82053	0
t70020	0
t94722	1
t5444	1
t53322	1
t21576	1
t247	0
t31714	1
t62340	0
t37115	0
t69575	1
t95065	0
t19110	1
t78523	1
t42448	0
t36787	0
t50273	1
t19121	0
t79998	0
t20184	0
t45617	1
t49587	0
t82708	1
t21459	0
t20064	1
t66761	1
t20394	0
t77668	0
t40168	0
t92599	0
t46166	0
t78409	0
t19190	0
t63311	1
t29989	0
t80092	1
t11504	1
t4	0
t60579	0
t99246	0
t9038	1
t34807	0
t1997	1
t35557	0
t79312	1
t57949	0
t57772	1
t15316	0
t26818	0
t4339	0
t87596	1
t35511	0
t67862	0
t51457	0
t37004	1
t30853	1
t707	1
t1926	1
t52179	1
t76212	0
t63099	1
t98759	0
t61543	1
t17853	0
t31138	0
t95509	1
t18469	1
t92973	0
t52959	0
t43169	0
t63381	0
t76617	0
t57119	0
t87474	0
t68930	0
t75817	1
t4722	1
t66716	1
t4566	0
t67260	1
t32427	0
t13427	1
t12098	0
t12209	1
t83150	1
t74691	0
t33858	0
t84217	0
t39773	1
t1975	0
t65687	1
t77922	0
t94017	0
t66924	0
t81120	1
t13320	0
t76423	0
t79524	0
t57950	0
t90852	0
t38983	0
t28670	0
t44543	0
t65186	0
t7403	0
t32551	0
t41068	1
t89874	1
t4148	1
t36644	0
t68556	0
t66116	0
t27588	0
t25462	0
t46808	0
t11883	1
t37343	0
t81859	0
t89191	0
t41872	0
t88273	1
t35656	1
t97095	0
t44673	1
t92394	0
t24313	0
t73617	0
t44007	1
t38811	1
t20585	0
t83645	0
t64418	0
t95463	0
t66925	1
t58101	0
t12792	1
t96232	0
t64085	0
t49840	1
t15608	0
t75011	0
t94449	0
t60721	0
t38673	1
t92068	0
t35628	0
t61471	0
t48764	0
t12069	0
t87327	0
t62286	0
t56790	0
t9842	1
t48122	0
t20966	0
t73800	0
t37026	0
t12691	0
t51631	1
t79444	1
t73616	1
t2882	0
t91748	1
t91203	0
t56078	0
t89635	0
t40582	0
t25564	1
t38077	0
t53491	0
t11471	0
t1914	0
t64754	0
t28899	1
t37709	1
t12678	1
t34704	0
t77639	1
t13513	1
t17917	1
t25270	0
t5507	0
t87377	1
t40015	1
t25775	1
t65302	1
t75323	1
t62373	0
t30254	0
t33197	0
t37103	0
t81370	1
t15490	0
t97629	1
t24183	0
t63147	0
t82002	1
t28130	1
t22151	0
t50720	0
t79676	1
t90871	0
t40761	0
t11849	1
t41081	1
t43889	1
t58751	1
t60460	1
t75395	0
t25916	0
t83792	1
t5652	1
t66627	1
t89282	1
t27902	0
t87044	1
t91438	1
t95590	1
t36925	1
t50760	1
t19644	0
t64001	0
t64690	0
t52498	0
t17957	0
t42771	0
t508	1
t6275	0
t29661	0
t59540	0
t47661	1
t42871	1
t1784	0
t85389	0
t44802	1
t22458	1
t33250	1
t54884	1
t72831	0
t62255	1
t84086	1
t91609	0
t56421	1
t63072	0
t3169	0
t8536	0
t93091	1
t85944	1
t68810	0
t83363	1
t87119	1
t54184	1
t15421	1
t23507	0
t77680	0
t35771	0
t65257	0
t22257	0
t63698	0
t27854	0
t15262	0
t38395	0
t77154	1
t84068	1
t87704	0
t44800	0
t44241	0
t33481	1
t47551	0
t71519	1
t69474	1
t75498	0
t68499	0
t93156	0
t2511	0
t77959	1
t36380	0
t8231	0
t43882	1
t55523	0
t5694	0
t23030	1
t97730	0
t93129	0
t60507	1
t65113	0
t91266	0
t16926	0
t4670	0
t83358	0
t73407	0
t69661	0
t616	0
t28590	1
t81547	1
t55536	1
t9566	1
t66986	1
t56074	0
t35861	0
t27506	1
t48737	0
t1147	0
t86071	1
t16875	1
t56232	1
t96585	0
t49320	1
t63170	1
t51806	1
t72702	0
t16981	0
t44444	0
t46724	1
t96378	0
t84111	1
t45169	0
t35424	0
t84520	0
t13431	0
t1156	0
t23840	0
t32133	0
t34275	0
t14447	1
t97087	0
t78927	1
t5424	1
t95394	1
t69469	0
t87366	0
t7993	0
t25050	0
t75541	1
t22055	1
t24011	0
t93054	1
t61270	0
t84644	0
t28208	0
t94591	0
t14837	1
t54154	0
t52168	0
t30353	0
t22168	1
t41110	0
t41306	0
t88368	1
t65242	0
t12419	1
t2548	0
t71811	1
t93048	0
t87001	0
t31669	0
t58009	1
t3522	1
t61217	0
t22185	1
t70278	0
t10862	0
t75115	1
t46176	0
t17148	0
t53427	0
t93607	0
t82594	1
t71654	0
t10652	0
t51513	1
t34913	1
t31091	1
t82654	1
t50242	1
t54413	0
t29169	1
t41785	0
t93511	0
t53145	0
t89234	1
t82718	0
t86349	1
t24104	1
t30642	0
t14913	0
t39405	1
t728	1
t58395	0
t78356	1
t86698	0
t1148	0
t22881	0
t77529	0
t31414	1
t14391	0
t61430	0
t4453	0
t43872	0
t30493	0
t86957	1
t89378	0
t23803	1
t30896	0
t67778	1
t21751	0
t66640	0
t93116	0
t35288	0
t6008	0
t8085	0
t5853	0
t3050	0
t64498	0
t92975	1
t72706	1
t69876	0
t64673	0
t60544	0
t59441	0
t87055	0
t69900	1
t47730	0
t1380	0
t79797	0
t59000	0
t97375	0
t7345	0
t93316	0
t27536	1
t51035	1
t69543	0
t31525	1
t84656	0
t98651	1
t57635	1
t67766	1
t60293	0
t46085	1
t90501	0
t33653	0
t2352	1
t83865	1
t86045	1
t73395	0
t61937	0
t65148	0
t12689	0
t86348	1
t20756	1
t85221	0
t62875	1
t80544	0
t65101	0
t34278	0
t41169	0
t68350	0
t50547	0
t1395	1
t89749	0
t12164	1
t83264	1
t31238	0
t66660	0
t43350	1
t68193	0
t50508	0
t78863	0
t28074	0
t43104	1
t12550	0
t52484	0
t47340	0
t1840	0
t92919	1
t92518	1
t38170	1
t41644	0
t1136	0
t97596	0
t85916	0
t96960	1
t92966	0
t79479	1
t20337	0
t68545	1
t92873	1
t72926	1
t98419	1
t76257	0
t15740	0
t20681	0
t89182	1
t85983	1
t12343	1
t43518	0
t38799	0
t71301	1
t3115	0
t91490	0
t44040	0
t59287	1
t70307	1
t27908	0
t64933	0
t52361	0
t64276	0
t98202	1
t37488	1
t82318	0
t62816	1
t69098	0
t29928	0
t77953	0
t17991	0
t43293	1
t1558	0
t83027	0
t2044	0
t58235	1
t23076	0
t35985	1
t11597	0
t37655	0
t32314	0
t30982	0
t30344	1
t54552	0
t98745	0
t93260	1
t10234	0
t72272	1
t65862	0
t88985	0
t79838	0
t77052	0
t40511	0
t4756	0
t93197	0
t12272	0
t94583	0
t93525	1
t38419	0
t90156	0
t30278	1
t34006	0
t92302	1
t94338	1
t82069	0
t68409	1
t40365	0
t83768	1
t19668	0
t52921	0
t27904	0
t19499	1
t63210	0
t15339	1
t8755	1
t17386	0
t4707	0
t16395	1
t67186	1
t52224	0
t68157	0
t68706	0
t65173	1
t68441	0
t54395	1
t71942	0
t46833	0
t73042	0
t82014	0
t41683	1
t48438	0
t64410	1
t90181	1
t22180	1
t22653	1
t88408	0
t53876	0
t65533	1
t58549	1
t33823	1
t7601	1
t35232	0
t75906	0
t34173	0
t47627	1
t64307	0
t43769	1
t28489	0
t50713	0
t37660	1
t65386	1
t85972	0
t72819	1
t26839	0
t85989	0
t16712	0
t14297	1
t80637	1
t11542	1
t14054	1
t91688	0
t4700	0
t75967	0
t79710	1
t11765	0
t69257	0
t22050	0
t42810	1
t65515	1
t71783	0
t74357	0
t86054	0
t85605	0
t16560	1
t87561	0
t49445	1
t78149	1
t38500	0
t23128	0
t33769	0
t11926	0
t45422	1
t58582	0
t68429	1
t85341	0
t43250	1
t64146	0
t85864	1
t63796	1
t26574	0
t32708	0
t76226	1
t59075	0
t56423	0
t57459	0
t85697	0
t66616	0
t58503	0
t43188	1
t70254	0
t75930	0
t37186	1
t51502	1
t54733	0
t23418	0
t89614	0
t56334	1
t63606	0
t38623	0
t16982	0
t28557	1
t84104	0
t46170	0
t78669	0
t97036	0
t41680	0
t61486	0
t95001	1
t75600	0
t42024	0
t16964	1
t50194	0
t16163	1
t84223	1
t78156	0
t50903	1
t93042	0
t54795	1
t87485	1
t1707	1
t57505	0
t35905	1
t97295	0
t40275	0
t66765	0
t57520	1
t7406	0
t14923	1
t4484	1
t51375	0
t76780	0
t49889	1
t37847	1
t97393	0
t75514	0
t85850	0
t147	1
t11064	0
t14930	0
t4158	1
t56048	0
t15984	0
t93011	1
t7434	1
t84515	1
t92037	0
t72296	0
t24408	1
t25295	0
t49683	0
t30760	0
t70701	0
t81957	1
t58084	0
t59115	0
t86746	0
t53314	1
t15228	0
t64734	1
t14936	0
t90129	1
t58697	1
t47719	0
t5735	0
t86932	1
t15628	0
t95933	0
t52493	1
t64553	1
t82698	1
t46933	1
t88799	0
t13368	1
t81326	0
t41016	0
t12707	0
t44621	1
t97410	1
t79663	0
t7690	1
t8685	1
t44464	1
t48409	0
t83665	0
t11289	0
t77734	1
t27691	1
t24274	0
t14289	0
t30044	0
t4335	0
t97238	1
t5000	1
t9112	1
t22081	1
t44336	0
t2630	1
t33276	0
t73048	0
t76253	1
t63304	1
t83560	1
t4771	0
t39292	0
t47743	0
t39912	0
t63933	0
t48423	0
t43547	0
t81253	1
t86019	0
t47622	1
t69031	0
t73862	0
t45451	0
t35425	1
t36893	0
t78614	0
t15279	1
t9383	1
t49955	0
t56162	0
t85312	0
t71032	0
t5604	0
t12900	1
t55717	0
t54004	1
t21723	1
t13274	1
t26028	0
t68258	0
t94727	1
t91728	0
t4507	1
t40526	0
t10964	1
t40183	0
t34362	0
t62149	1
t77181	0
t2829	1
t76607	0
t96961	1
t55199	1
t7412	0
t77527	1
t98262	1
t56904	1
t44386	0
t76211	0
t2884	0
t70986	1
t10040	1
t32860	0
t90326	1
t61729	0
t94633	1
t10371	0
t58822	0
t80821	0
t89269	1
t73634	0
t28170	0
t40129	0
t45958	1
t71223	0
t6332	0
t29147	1
t7572	0
t94336	0
t56320	1
t4128	0
t75296	0
t79952	1
t90925	1
t42206	0
t14036	1
t97965	0
t22089	1
t73464	0
t15027	1
t54504	1
t87003	0
t18510	0
t58748	0
t62342	0
t64899	1
t39498	0
t67316	0
t36150	1
t47518	0
t29221	0
t82981	0
t77430	0
t4835	0
t61136	0
t76333	0
t42620	0
t714	0
t21891	0
t52209	1
t73243	1
t91654	0
t9344	0
t45663	1
t68899	0
t11515	1
t86364	1
t51930	1
t98532	1
t48415	0
t14954	0
t94258	0
t55397	1
t91598	1
t9386	1
t41464	0
t81065	1
t72438	0
t98152	0
t88669	1
t9698	1
t73843	0
t13030	0
t72261	0
t16070	0
t47986	0
t8944	1
t5026	1
t43096	0
t4480	0
t56066	1
t97618	0
t64342	0
t51577	0
t17366	1
t73300	0
t84811	1
t42311	0
t7537	0
t58799	0
t85739	1
t89537	0
t65512	0
t17064	0
t27527	0
t31971	0
t24699	1
t41902	1
t86529	0
t14053	0
t2438	1
t35369	0
t10173	1
t89804	0
t21377	0
t52115	1
t78555	0
t80604	1
t24643	0
t70657	0
t57485	0
t77490	1
t26022	0
t44675	0
t80971	0
t91887	0
t29350	1
t64433	0
t38846	1
t56460	1
t66493	0
t62566	0
t60742	0
t83962	0
t15522	0
t32950	1
t41564	1
t87224	0
t51210	1
t49551	0
t82410	0
t15008	1
t70063	0
t57636	1
t31511	1
t4563	0
t80942	1
t87796	0
t99011	0
t69939	0
t6368	0
t57909	0
t8455	1
t84164	1
t95982	0
t48519	1
t13203	0
t5811	1
t26822	0
t17689	0
t37608	0
t8850	0
t44050	1
t85935	0
t56049	1
t1776	1
t78552	0
t53386	1
t43570	1
t46541	1
t85700	0
t41403	1
t56014	0
t94618	0
t83499	0
t26470	0
t74075	0
t14557	1
t2595	1
t82959	1
t6944	1
t30455	1
t87091	0
t43796	0
t38521	0
t23463	1
t27752	0
t72222	0
t93433	0
t51704	0
t55822	1
t65663	1
t49654	0
t90774	0
t17888	0
t72425	0
t17368	1
t39959	0
t43697	0
t74137	1
t48036	0
t18191	1
t46334	0
t91661	1
t59039	0
t62226	0
t77814	1
t22623	0
t43597	0
t70011	1
t84645	0
t21097	1
t71685	0
t37479	0
t65820	0
t97282	1
t53564	1
t15790	0
t9288	0
t59911	0
t81959	1
t29748	1
t22245	0
t13473	1
t44478	0
t18922	0
t39339	0
t77552	1
t70981	1
t3470	1
t35239	0
t50693	0
t18801	1
t71115	0
t83327	0
t38247	0
t47746	1
t64218	0
t7747	0
t35322	0
t7116	1
t31450	1
t40893	0
t34232	0
t46256	1
t61242	0
t91603	0
t18845	0
t83287	0
t75556	0
t37251	0
t14776	1
t27736	0
t43894	0
t40089	1
t67290	1
t65710	1
t44529	0
t38037	0
t28624	0
t46802	0
t48257	1
t80060	1
t58215	0
t34958	1
t9324	0
t6618	0
t64306	0
t41436	1
t50673	0
t66294	1
t50482	1
t41571	1
t81308	1
t42103	1
t51671	1
t50849	1
t95552	1
t83752	0
t58795	1
t87630	0
t60779	0
t61338	1
t47354	1
t26942	1
t17193	1
t79675	1
t40269	1
t6993	0
t24060	0
t37030	0
t22459	1
t79669	1
t29117	1
t90878	0
t94881	0
t23994	1
t58600	1
t73235	1
t28215	1
t4934	0
t88753	1
t45437	0
t63068	0
t62016	0
t68158	1
t808	1
t65218	0
t86452	1
t93955	1
t78190	1
t25407	0
t38370	1
t9015	1
t75872	0
t70874	0
t57813	1
t7945	1
t29745	1
t66649	0
t81568	0
t28396	1
t43825	0
t49705	0
t11545	0
t7388	1
t18276	0
t58327	0
t34721	1
t86262	0
t84808	0
t25495	0
t51658	1
t45214	0
t71467	0
t21526	1
t70554	1
t94182	0
t74849	0
t2481	0
t99064	0
t83694	0
t25675	1
t53124	1
t68163	1
t79755	0
t39215	1
t63113	0
t5137	0
t74486	1
t34790	1
t11644	0
t22020	0
t91995	1
t58828	0
t3876	0
t14940	0
t47070	0
t49085	1
t7437	1
t64940	1
t92778	0
t43324	0
t13306	0
t28559	1
t97805	1
t27287	0
t25254	1
t97341	0
t78463	1
t68261	1
t35982	0
t33386	0
t2547	1
t72690	1
t39491	1
t36357	0
t12873	1
t24796	0
t8927	0
t27618	0
t64844	0
t87250	0
t99205	0
t30809	0
t29520	0
t97935	0
t62377	0
t81399	0
t70434	0
t73661	0
t14387	0
t97138	0
t33411	0
t97813	1
t87808	0
t593	1
t45120	0
t65558	0
t27970	1
t49423	0
t37074	1
t755	1
t51898	1
t74276	1
t66384	1
t70770	0
t63285	1
t14597	0
t27416	0
t68645	0
t54418	1
t74183	1
t71110	1
t3328	1
t8750	1
t57209	1
t71004	1
t14526	1
t94362	1
t79583	0
t2542	1
t49	0
t87363	1
t79518	0
t64664	0
t75617	0
t51705	0
t48817	1
t37964	0
t75440	0
t92278	1
t86661	0
t51295	0
t20019	1
t27083	0
t67141	1
t56692	1
t68889	0
t4574	1
t70678	1
t59632	0
t54893	1
t3031	0
t35391	1
t90723	1
t44820	0
t43318	0
t43703	0
t10767	0
t4497	1
t83174	0
t96245	0
t11294	1
t47395	0
t80254	0
t25503	0
t91007	0
t88341	1
t42996	0
t56929	1
t21366	1
t80430	0
t98055	0
t50383	1
t20327	1
t47801	0
t70030	0
t58902	0
t9610	0
t25713	0
t1572	1
t67409	0
t10983	0
t48952	1
t22522	0
t52178	1
t18525	0
t6276	1
t40432	0
t79126	1
t95232	0
t4001	0
t2252	0
t92704	0
t68931	0
t85901	1
t26441	0
t75861	0
t45852	0
t63255	0
t48950	0
t90110	0
t69566	0
t33307	1
t70591	0
t59603	1
t27645	0
t97163	1
t71039	0
t92391	0
t62832	0
t13855	1
t43529	1
t28360	1
t53287	1
t39537	0
t62169	1
t84876	0
t32445	1
t16481	1
t22133	1
t2111	1
t58695	0
t35307	0
t58925	1
t25194	0
t11410	0
t63725	1
t8415	0
t66413	0
t32848	1
t17604	1
t35800	0
t86333	0
t80800	1
t56285	1
t34423	1
t51831	1
t87756	0
t72290	0
t49297	0
t39787	0
t38114	0
t40450	1
t39468	0
t61388	1
t17380	0
t51255	0
t42862	0
t53029	0
t40655	0
t81668	0
t41850	0
t84538	0
t9221	0
t76633	1
t97188	1
t34974	1
t97362	1
t83404	1
t58047	0
t42204	0
t49070	1
t2034	0
t77079	1
t74403	0
t10479	1
t47932	0
t12706	1
t90920	1
t64293	0
t33125	1
t58479	1
t49928	0
t42285	0
t38276	1
t5001	1
t98162	1
t13028	0
t7643	0
t96688	0
t38948	1
t22902	1
t85015	0
t24454	0
t80034	0
t17501	1
t5267	0
t19149	0
t40410	0
t52999	0
t15519	0
t35174	0
t61236	1
t24323	0
t56732	1
t22980	0
t42144	0
t55754	0
t77967	0
t81379	1
t58735	1
t65191	0
t97980	1
t39890	0
t42729	0
t37889	0
t40022	1
t40540	1
t41136	1
t24670	1
t9895	0
t13505	1
t67062	0
t92292	0
t81234	0
t90786	1
t19535	0
t71366	1
t5922	0
t95918	0
t2232	0
t17681	0
t42058	0
t94736	1
t13172	0
t28599	0
t45589	1
t73337	1
t48212	1
t86283	0
t62737	0
t36183	0
t13786	0
t62266	0
t91081	0
t91191	0
t50455	1
t88971	1
t35483	0
t73379	1
t92937	1
t78982	0
t53832	1
t34718	1
t50691	1
t88074	1
t33825	1
t85364	1
t34050	1
t52870	0
t81266	1
t6605	1
t3164	0
t82356	0
t47519	1
t20167	0
t65115	0
t22091	0
t4181	1
t94839	1
t93296	1
t12513	1
t77402	0
t19596	0
t55999	0
t68687	1
t14783	0
t85397	1
t30129	1
t71291	1
t79109	1
t38082	1
t19806	0
t54746	0
t74240	0
t27714	1
t21413	1
t11114	0
t44907	1
t98689	0
t73141	1
t45145	1
t31365	0
t8543	1
t25958	0
t40405	0
t75317	0
t76001	1
t70093	0
t83941	1
t53778	0
t64801	1
t79972	1
t74909	1
t13021	0
t51854	1
t8513	0
t54044	0
t22822	0
t22943	1
t42295	1
t69042	1
t25866	0
t41969	0
t86383	0
t69982	1
t64608	1
t63673	0
t11222	0
t7347	1
t72365	0
t28641	1
t38120	0
t11707	0
t24889	0
t11023	1
t18434	0
t83380	1
t35745	0
t50514	0
t50568	0
t41733	0
t81709	0
t34511	1
t79106	1
t54299	1
t35454	0
t31636	1
t32085	1
t24609	0
t76737	0
t25025	1
t81867	0
t93009	1
t72051	1
t88870	0
t95569	1
t55112	0
t95795	1
t4753	0
t37676	0
t61628	1
t72394	0
t63149	1
t55442	1
t76395	0
t43525	1
t21116	1
t42825	0
t12563	1
t36128	0
t16986	1
t90352	1
t15354	1
t5413	0
t30101	0
t97761	1
t62489	1
t15921	0
t7161	0
t64636	0
t62241	0
t34970	1
t24966	0
t67597	0
t80201	0
t33060	1
t33077	0
t46671	0
t19283	0
t5976	0
t93442	0
t12796	0
t26357	1
t9650	0
t94757	0
t54722	0
t25568	1
t90642	1
t41045	1
t38676	0
t90700	1
t67273	1
t2122	1
t22984	1
t93080	1
t53955	0
t27388	0
t92786	0
t42521	0
t69945	0
t448	0
t89772	0
t66917	0
t85792	0
t75144	0
t27358	0
t19058	1
t40320	0
t99122	0
t84000	0
t78316	1
t49794	0
t32372	1
t22758	0
t86268	1
t59009	1
t70485	1
t6815	0
t90646	0
t18669	0
t76084	0
t75553	0
t78570	0
t38160	1
t4385	1
t75106	1
t54129	0
t37060	0
t85431	0
t5713	1
t55931	1
t53655	0
t17798	0
t32233	0
t92480	0
t13743	0
t96873	0
t72102	1
t2496	0
t23313	1
t24989	1
t52239	1
t92574	1
t22054	0
t55693	1
t66525	0
t74396	0
t16734	0
t9255	1
t5878	0
t92604	0
t89203	1
t61608	1
t19022	1
t50626	0
t21315	1
t3304	1
t25336	1
t7736	1
t32044	0
t77767	1
t42067	1
t44494	0
t74169	1
t3506	0
t48748	0
t67611	0
t3714	0
t75845	0
t28236	0
t89955	0
t66312	1
t67825	0
t45982	0
t92413	1
t42661	1
t5476	0
t92378	1
t89142	0
t55725	1
t36361	0
t70458	0
t54646	1
t95969	0
t21070	1
t98072	1
t43231	0
t58622	1
t14990	1
t59551	1
t95690	1
t48059	1
t78595	0
t96192	1
t45271	1
t93185	0
t87345	1
t26171	1
t65702	0
t34941	0
t77000	1
t16074	0
t23861	1
t41473	1
t3533	1
t51250	1
t88939	0
t51524	0
t50654	1
t93681	0
t95696	0
t62896	0
t9163	0
t91921	0
t34264	0
t98183	1
t527	0
t53218	0
t84117	0
t75270	0
t2258	0
t74730	0
t71924	0
t53507	1
t16913	0
t89290	0
t65208	0
t67596	1
t76891	0
t46651	0
t33588	0
t80075	0
t31248	0
t96421	0
t87782	0
t71625	1
t68716	0
t79563	0
t10819	0
t82296	0
t20386	0
t62094	1
t31812	0
t15655	0
t42287	0
t56615	1
t52928	1
t48229	0
t21547	0
t31666	1
t85958	0
t7961	1
t9613	1
t16149	0
t95194	0
t83704	0
t37323	0
t49968	0
t66470	0
t16610	1
t5166	0
t19502	0
t36633	0
t86115	1
t23113	1
t47564	0
t44878	0
t70372	0
t76869	0
t36368	0
t52243	1
t54831	1
t37686	0
t25934	0
t32696	0
t78287	1
t90092	0
t5378	0
t16173	1
t65501	0
t92404	0
t14238	0
t45489	1
t51552	0
t33337	1
t24207	0
t52048	0
t66416	0
t71601	0
t77063	1
t85651	0
t8763	1
t32260	0
t41932	1
t43229	0
t26	1
t45592	0
t93911	0
t3117	0
t5982	0
t28715	1
t91499	1
t86774	1
t82888	1
t52346	0
t75214	1
t86334	1
t33246	1
t28230	1
t13910	0
t45423	0
t4428	0
t9800	0
t89670	1
t73611	1
t4665	1
t93902	0
t22497	0
t4091	0
t24461	0
t53607	0
t86137	0
t6871	0
t40569	1
t50394	0
t90370	0
t57637	1
t27463	0
t68277	0
t81798	0
t43091	0
t62273	0
t69295	1
t33517	1
t21435	0
t5963	1
t28398	0
t3038	0
t82190	0
t64544	0
t97638	0
t56241	1
t29845	0
t35098	0
t96369	0
t11540	1
t98648	0
t84587	0
t52020	1
t39886	0
t70457	0
t5548	0
t16015	0
t40370	0
t50582	0
t90571	0
t1535	0
t47807	0
t31364	0
t5547	0
t75732	0
t28339	1
t50516	1
t14260	0
t37203	0
t34107	0
t43381	1
t57724	1
t54989	0
t15091	0
t49259	0
t36439	0
t46975	0
t27997	1
t54378	1
t6808	0
t55853	0
t83523	1
t82151	0
t36952	1
t87248	0
t53720	0
t34112	1
t66271	0
t14187	0
t29323	0
t83572	0
t55696	1
t2779	1
t77700	0
t90194	0
t48046	1
t9251	1
t51202	1
t8832	0
t91058	1
t43309	0
t78711	0
t26205	1
t26874	0
t68079	0
t69081	0
t52643	0
t47415	0
t76738	1
t59124	0
t31182	0
t8145	0
t9374	0
t3688	1
t80187	0
t55235	1
t28606	0
t13357	0
t28481	0
t67249	0
t50179	0
t15059	0
t37917	0
t96322	0
t30884	1
t37438	0
t627	0
t51608	0
t40964	0
t80074	1
t717	0
t96686	0
t84398	0
t22270	0
t27169	0
t37003	0
t23490	1
t62448	0
t56266	1
t91801	0
t91542	1
t1076	0
t40255	1
t50525	0
t91340	0
t17074	0
t47073	0
t46700	0
t66558	0
t72070	0
t12995	1
t86234	0
t79812	1
t13057	0
t610	0
t52338	1
t18628	1
t22143	1
t29427	0
t2545	1
t37387	1
t52147	1
t53003	0
t12663	0
t17375	0
t55690	0
t94842	1
t68983	1
t9936	1
t23038	1
t20485	1
t59912	1
t32907	0
t87691	0
t21060	1
t23644	1
t64558	1
t97073	1
t43651	1
t91092	0
t40577	1
t58838	0
t2241	1
t89797	0
t86666	0
t3295	0
t92464	0
t54198	0
t12189	0
t43492	1
t38234	0
t61307	0
t72863	0
t98089	1
t12947	1
t54658	1
t54006	1
t74293	0
t82143	1
t58845	0
t31055	1
t73031	0
t41648	0
t14751	0
t9007	0
t64590	0
t96484	0
t14115	1
t26245	1
t5474	1
t27213	0
t59208	1
t89728	0
t21310	0
t78176	1
t6150	0
t15899	1
t97628	0
t59600	0
t27041	0
t64577	1
t7979	1
t11606	0
t33668	0
t25012	0
t34260	0
t73257	1
t23018	1
t72848	0
t85087	0
t59616	1
t52123	0
t6366	0
t8143	0
t89321	0
t46160	1
t17659	0
t11392	1
t11706	0
t18423	0
t26024	0
t11632	1
t89035	0
t57151	0
t64339	1
t92156	0
t22927	0
t57868	0
t92044	1
t62442	0
t83848	0
t74816	0
t73812	0
t19561	1
t45379	1
t47388	1
t72112	1
t75459	0
t23498	0
t65153	1
t89289	0
t18470	0
t59634	1
t74563	0
t23807	0
t83310	0
t58634	0
t99152	0
t37798	1
t82378	0
t56138	0
t60651	0
t73550	0
t55942	0
t11345	0
t95137	1
t94937	0
t55451	1
t73245	0
t69763	0
t93062	1
t73023	1
t18598	1
t71475	1
t71491	0
t36639	0
t57179	1
t87259	1
t80199	1
t35139	1
t12636	0
t51651	0
t96494	0
t18473	1
t87439	1
t60831	0
t66143	1
t88317	0
t75068	0
t34340	1
t44948	1
t74635	1
t16904	1
t63192	0
t62841	0
t40864	1
t89254	1
t83706	0
t96475	1
t51302	1
t73070	0
t95517	0
t37560	0
t32296	1
t86966	1
t15690	0
t53004	1
t81132	0
t50008	0
t64493	0
t73053	1
t63268	0
t14819	0
t25133	0
t79082	1
t73156	0
t70060	0
t97868	0
t6062	1
t73677	0
t14965	0
t86641	0
t21771	1
t80678	0
t74512	0
t48951	1
t36097	1
t56501	0
t75854	0
t78937	0
t31862	0
t17585	0
t96177	1
t48251	1
t91220	0
t4729	0
t81133	0
t15815	0
t18595	0
t79578	0
t43946	0
t29805	0
t48336	1
t57670	0
t85289	1
t24039	0
t34841	0
t13801	0
t555	1
t20511	1
t36006	1
t83237	0
t98101	1
t24397	0
t91642	0
t19334	0
t41769	0
t63039	0
t40730	0
t29623	0
t37163	1
t42755	1
t25777	1
t90532	0
t6232	1
t26996	1
t30155	0
t94129	0
t75040	0
t72486	0
t44257	0
t56548	1
t67087	0
t9151	1
t24879	0
t48168	1
t27734	0
t94689	1
t73127	0
t61123	0
t23638	1
t80270	1
t77654	0
t50363	0
t67738	0
t85096	0
t20388	0
t15990	1
t21176	1
t79325	1
t26142	0
t2835	0
t28474	0
t67474	1
t49518	1
t58367	0
t52615	0
t69963	1
t72357	0
t31530	1
t38593	0
t30667	1
t13900	1
t34915	0
t71338	1
t80348	0
t2045	0
t57326	1
t63937	0
t77204	1
t41400	0
t68747	0
t93547	0
t96238	1
t93513	0
t42883	1
t11147	0
t30583	0
t30434	0
t44509	0
t84871	1
t314	0
t95185	1
t17172	0
t18137	1
t20629	0
t18729	0
t4038	0
t32892	1
t98636	1
t71019	0
t46655	0
t25498	0
t30281	0
t49612	0
t61289	1
t70227	0
t62614	1
t31629	0
t32183	0
t83599	1
t87548	0
t48082	0
t7436	1
t22664	1
t47008	0
t35504	0
t87594	0
t64641	0
t68795	0
t18748	1
t76208	1
t44078	1
t3905	0
t7712	1
t2217	0
t38350	0
t13294	0
t68970	0
t14706	1
t82950	1
t82721	1
t26689	0
t76113	1
t13977	1
t666	0
t45971	1
t73315	0
t36342	1
t75337	1
t36882	0
t74005	1
t61489	0
t21321	1
t47273	1
t69246	1
t87581	0
t88952	0
t19675	1
t37966	0
t30685	1
t74935	0
t26820	0
t5570	0
t49447	1
t67415	0
t50183	0
t5715	1
t53885	0
t90348	1
t23570	1
t33116	0
t57442	0
t62159	0
t68947	1
t39693	1
t9667	1
t252	0
t4505	1
t22488	1
t50597	0
t42491	0
t32256	0
t45904	0
t86707	0
t91968	1
t59319	0
t67505	1
t24031	1
t15699	0
t51836	0
t70002	1
t13215	0
t49433	0
t88473	1
t13577	0
t36255	0
t30010	1
t50858	1
t89391	1
t93192	0
t88015	1
t17652	1
t80220	0
t23240	1
t65370	0
t65282	0
t28363	1
t95716	0
t63665	0
t47173	0
t13656	0
t94308	1
t68974	1
t27675	0
t6193	0
t39951	1
t88665	1
t59922	0
t61514	0
t12395	0
t78719	0
t23968	0
t52930	1
t62112	0
t98702	1
t87261	1
t47471	0
t84941	1
t24261	1
t54706	0
t59188	0
t68461	0
t5888	1
t5207	0
t4101	0
t13875	0
t63345	0
t29328	1
t23695	0
t61200	1
t72812	0
t36449	0
t87388	0
t8274	0
t65741	1
t45240	1
t79560	1
t191	1
t7717	0
t77955	1
t16748	1
t23228	0
t75447	0
t72463	0
t45008	1
t34920	0
t64677	0
t94624	1
t33882	1
t76270	0
t66733	1
t11026	0
t68401	0
t67984	0
t88136	0
t14397	0
t86353	1
t48237	1
t51180	0
t61413	0
t9262	0
t49788	0
t75126	1
t74154	1
t18991	1
t37475	0
t91859	0
t42618	0
t65227	0
t4064	1
t81128	1
t74736	0
t23289	1
t78445	0
t29251	0
t64584	0
t39378	0
t31073	0
t15973	0
t21952	1
t51719	1
t7614	0
t51690	1
t77653	1
t51241	1
t80099	0
t88957	0
t52807	0
t5462	0
t94972	0
t79764	1
t91488	0
t73849	1
t15693	1
t25858	1
t26082	0
t86228	1
t40568	1
t38479	1
t59153	0
t32786	0
t94577	0
t51602	1
t8585	0
t46295	0
t71948	0
t64518	1
t79786	1
t42265	0
t51498	0
t35778	1
t32149	0
t70692	1
t90588	1
t68390	0
t3012	0
t6826	1
t3825	1
t82971	0
t53203	0
t55920	1
t79662	1
t87461	0
t43569	1
t81599	1
t13440	1
t3305	0
t60836	0
t48197	1
t72310	0
t59710	1
t84493	0
t93084	0
t64174	0
t84810	0
t46188	0
t20313	1
t23458	0
t65983	0
t22325	1
t53789	0
t11181	0
t6562	1
t8978	0
t66261	1
t85827	1
t85883	0
t72556	1
t4964	1
t71595	0
t95510	1
t47036	0
t38192	1
t85923	1
t66229	0
t90032	1
t41962	0
t50104	0
t75381	0
t86922	0
t63562	1
t75341	1
t46380	1
t16619	1
t45125	0
t53209	1
t12734	0
t18926	0
t11910	1
t13230	1
t18872	0
t2165	0
t75309	1
t73511	1
t27889	0
t27725	0
t57477	0
t57758	0
t71522	1
t96539	0
t16718	0
t53881	0
t578	0
t62856	0
t74130	0
t22352	1
t42359	0
t6455	1
t22639	1
t88266	1
t15714	0
t92643	1
t50172	1
t97081	0
t17141	1
t64812	0
t417	0
t73516	1
t6205	0
t68577	1
t45413	0
t10352	0
t68989	0
t63276	0
t66498	0
t52783	0
t55224	0
t98872	0
t57453	0
t81776	0
t74184	0
t49536	1
t955	1
t4290	1
t93666	0
t12832	1
t31519	0
t15018	1
t54897	1
t844	1
t1546	1
t92258	1
t35016	1
t90392	0
t37285	1
t40021	0
t20505	0
t95262	1
t48776	1
t15347	1
t1325	0
t24264	1
t70496	1
t7071	1
t35634	0
t70185	1
t40200	1
t64885	0
t81734	1
t42083	1
t92980	0
t40545	1
t65408	0
t36969	0
t75771	1
t57575	0
t35314	0
t17285	1
t33974	0
t60558	1
t14286	1
t14193	0
t45889	1
t24515	0
t2537	0
t75297	0
t14737	0
t89130	1
t39997	1
t81102	0
t28206	0
t9049	1
t21440	0
t83367	0
t40186	0
t26587	0
t81247	1
t16462	0
t16128	1
t56307	1
t18898	0
t20161	0
t64837	1
t91912	0
t9968	0
t4607	1
t75812	0
t36791	1
t26664	0
t33071	0
t83726	1
t83448	0
t36842	0
t1636	1
t11654	0
t15243	0
t57880	0
t34961	0
t5005	0
t4877	0
t66811	1
t40832	0
t13331	0
t29620	0
t1342	0
t13679	0
t60486	0
t96633	1
t8882	1
t43491	0
t26766	0
t21271	1
t86384	1
t40566	0
t64025	0
t39302	0
t27522	0
t31801	0
t16088	1
t27606	1
t2401	0
t19183	0
t79487	1
t6945	1
t79719	0
t74204	1
t42916	1
t99240	0
t28958	0
t1360	1
t57331	1
t20021	1
t12489	0
t77290	0
t3384	0
t85946	0
t57815	0
t60461	0
t71235	0
t40214	1
t15043	1
t23131	0
t49706	0
t80978	1
t88021	1
t15132	0
t40170	0
t84927	1
t56546	1
t2708	1
t10614	0
t93226	1
t91129	0
t87046	1
t42788	1
t14425	0
t80297	0
t77365	1
t19995	1
t39956	0
t40262	0
t58557	1
t90912	0
t71452	0
t33304	0
t75150	0
t75708	0
t57198	0
t85504	0
t7283	0
t94214	0
t10386	0
t73138	0
t19752	1
t12664	0
t71468	0
t7047	1
t81811	0
t61344	0
t90087	0
t29784	1
t44602	1
t63046	0
t3610	1
t25948	0
t35723	0
t58785	0
t38462	0
t3306	0
t96042	1
t11306	0
t4870	1
t12721	0
t89041	0
t78422	0
t37749	1
t96292	1
t65755	0
t33642	0
t25382	1
t69550	0
t63831	1
t8219	1
t15843	0
t31531	1
t66680	0
t7118	1
t46961	1
t56203	1
t83266	1
t49226	0
t36149	1
t54080	0
t68238	1
t5332	1
t9319	0
t66905	0
t75951	1
t21951	1
t83438	1
t35243	0
t26378	0
t21155	0
t6684	0
t20366	1
t10599	0
t45258	0
t73145	0
t10523	1
t36538	1
t5442	0
t11466	1
t58022	0
t85132	0
t18851	0
t32206	0
t95580	1
t72949	0
t86480	1
t30752	0
t76094	1
t51394	0
t37265	1
t95863	1
t13220	1
t32230	1
t20996	0
t10842	0
t14925	1
t4295	0
t40697	0
t35299	1
t59652	0
t67540	0
t25538	0
t32354	0
t94095	0
t47062	0
t60192	0
t98588	0
t79160	1
t69929	0
t29290	1
t48012	1
t27832	0
t53546	0
t33749	0
t21346	0
t30541	1
t16336	0
t70288	1
t81240	0
t45062	0
t2694	1
t53364	0
t11831	1
t10001	0
t63058	1
t84014	0
t4268	0
t6937	0
t15640	1
t77718	1
t70069	1
t56862	1
t80035	0
t39450	0
t55368	0
t56372	1
t92318	0
t66611	0
t8542	1
t34814	0
t62634	0
t74120	1
t62788	1
t56830	1
t7282	1
t97475	0
t91820	0
t22131	0
t77077	1
t79659	1
t20178	0
t20377	1
t20096	1
t50825	1
t14901	1
t61607	1
t78702	0
t32768	1
t93313	0
t70913	1
t41814	1
t60624	0
t94207	1
t37813	1
t6855	0
t18490	0
t2449	0
t80519	0
t97285	0
t26603	1
t9040	0
t47249	0
t1368	0
t94765	0
t78516	0
t89448	1
t66898	0
t6509	0
t88561	1
t86377	0
t67473	1
t15495	0
t8147	0
t22498	1
t63691	0
t65982	1
t5998	0
t95247	0
t97620	0
t27823	1
t54659	0
t60242	0
t45389	0
t48749	0
t4073	0
t14445	0
t36098	0
t48404	0
t45117	0
t77368	1
t18649	0
t33709	1
t86058	1
t48812	1
t98746	1
t58642	1
t40302	0
t64425	0
t63458	0
t94035	0
t43431	0
t69662	1
t33558	1
t39114	1
t55472	1
t50939	0
t85525	0
t91465	0
t67962	0
t26747	0
t7654	0
t60181	1
t27795	0
t1953	0
t4947	1
t98934	0
t77628	1
t32460	0
t69604	1
t6432	1
t9576	0
t66346	1
t17443	0
t50299	0
t83537	1
t40142	1
t78254	1
t13736	1
t25726	1
t29954	1
t50618	0
t48791	1
t43432	0
t86491	0
t92597	0
t72951	0
t82580	1
t50044	0
t9562	0
t91250	0
t76070	1
t84076	0
t74337	1
t4586	1
t4309	1
t7257	0
t5838	1
t5038	1
t46137	0
t38922	0
t55103	1
t22356	0
t56	0
t24841	0
t62899	0
t34656	1
t69231	1
t50013	1
t78267	0
t55849	0
t1097	0
t88044	0
t88571	1
t38728	1
t56319	0
t2287	1
t12705	0
t24290	0
t9475	0
t78233	1
t59819	0
t42436	0
t88228	1
t14145	0
t63157	0
t7472	0
t89830	1
t6121	0
t29732	0
t21133	1
t36975	0
t77832	1
t89878	0
t90182	0
t30244	1
t29573	1
t19154	0
t78128	0
t84965	0
t36609	1
t96878	0
t45091	1
t86343	0
t51050	1
t73375	1
t63593	1
t80956	0
t29406	0
t26598	0
t888	1
t92201	1
t48746	1
t25632	1
t32738	0
t37153	0
t21399	1
t4508	0
t16086	1
t20208	0
t77710	1
t53842	0
t42714	1
t84137	1
t68789	1
t80589	0
t51744	0
t73067	0
t29345	1
t17388	0
t46600	1
t52315	0
t7496	0
t58511	0
t64380	1
t28639	0
t589	1
t31029	0
t30433	1
t36515	0
t79697	1
t62714	1
t3790	0
t74735	0
t32969	1
t48263	0
t79731	0
t63761	0
t2228	1
t50321	0
t24590	0
t52089	1
t56561	1
t37456	0
t41937	0
t97453	1
t15469	0
t66216	1
t98845	0
t37808	1
t13216	1
t48478	1
t51887	0
t41723	0
t80370	1
t54881	0
t97678	1
t91578	0
t83516	1
t63522	0
t15208	0
t35523	0
t91221	1
t95506	1
t81390	0
t10974	0
t34456	0
t31915	0
t47357	0
t33906	1
t48031	0
t34493	0
t10080	1
t67196	1
t93575	1
t94063	1
t31015	0
t45154	1
t9220	1
t59510	0
t44449	0
t46157	0
t1680	1
t27650	1
t85328	1
t390	0
t26703	1
t71793	1
t56529	1
t23033	0
t89582	1
t12300	1
t12457	1
t49189	0
t55723	0
t14244	0
t40081	1
t59806	0
t17945	1
t5701	1
t32730	0
t20323	0
t3660	0
t83901	0
t53992	0
t80593	1
t74969	0
t16879	0
t53382	0
t90282	0
t72841	0
t88237	1
t7170	0
t64850	0
t65691	0
t27910	0
t249	0
t75960	0
t87472	0
t20680	0
t24455	1
t69154	0
t97165	1
t33075	0
t76279	0
t7258	0
t26007	0
t98290	0
t32058	0
t38514	0
t59724	1
t49291	1
t85957	0
t50757	0
t36220	1
t56594	0
t67074	1
t44666	0
t37869	0
t92094	1
t4212	1
t46568	0
t51525	0
t82124	0
t34389	0
t24679	1
t75430	1
t4761	0
t97834	0
t22768	1
t27921	1
t16448	0
t67620	0
t77259	1
t42073	0
t67884	1
t14427	0
t58907	0
t27741	1
t77237	1
t37620	0
t10126	0
t17937	1
t70893	1
t78655	0
t80928	1
t78988	0
t97808	0
t34548	0
t82279	0
t28844	0
t18817	1
t96901	1
t85719	0
t65877	1
t60396	0
t13130	1
t8293	1
t18803	1
t53310	1
t85738	1
t65441	0
t58414	0
t46881	0
t23527	1
t53570	0
t3230	0
t94640	0
t45268	0
t37166	1
t26119	0
t50229	0
t7624	0
t22569	0
t96747	0
t37147	1
t88000	0
t6437	1
t84275	0
t9364	0
t59735	1
t61106	1
t21953	0
t5045	0
t76695	0
t79941	0
t26387	0
t91584	0
t34557	1
t21431	1
t42211	0
t48561	1
t88109	1
t54511	0
t24606	0
t51192	0
t50590	0
t17298	1
t56702	0
t3168	0
t9635	1
t19101	0
t3819	1
t73181	1
t70945	1
t65342	1
t78746	0
t7905	0
t92367	0
t32177	1
t91255	0
t57139	0
t86217	0
t29203	0
t7458	0
t25683	0
t8967	0
t44671	0
t87706	1
t23605	1
t86795	0
t74099	1
t29091	0
t12983	0
t23288	1
t91543	0
t16243	0
t12700	1
t79595	0
t74702	0
t55145	0
t18806	0
t18974	1
t35447	0
t23430	1
t12088	0
t22379	0
t46040	0
t30776	0
t23882	0
t26479	1
t91873	0
t33548	0
t93199	0
t33118	1
t12603	1
t66741	1
t1948	0
t19279	0
t87427	1
t50523	1
t53544	0
t54387	0
t12236	0
t44056	1
t56017	0
t65568	1
t55120	1
t23318	0
t44722	0
t61791	1
t48672	0
t56424	0
t90205	0
t17723	0
t38164	1
t11615	0
t84859	1
t99199	1
t65632	1
t73443	0
t88986	0
t11142	0
t4605	0
t1314	1
t55272	1
t76926	0
t22650	0
t53915	0
t74453	1
t5366	0
t49181	0
t83607	1
t21026	0
t12675	1
t89768	0
t78161	0
t3280	1
t45311	0
t52233	1
t3180	0
t23504	1
t12553	0
t54911	0
t79180	0
t17024	1
t71261	1
t22267	0
t7146	0
t84625	0
t78537	0
t29368	0
t81529	0
t59483	0
t66854	0
t97214	1
t86245	0
t15781	0
t86237	1
t3540	1
t38787	1
t55505	1
t18035	0
t56703	0
t52780	1
t30662	1
t30497	0
t10405	1
t33920	1
t8461	0
t13927	1
t56195	0
t23537	0
t62562	0
t97835	1
t27733	1
t50243	1
t37252	0
t77024	1
t81904	0
t65883	0
t65224	0
t15167	0
t35624	1
t38286	0
t3938	1
t56090	0
t5241	0
t75231	1
t40011	1
t31565	0
t74076	0
t36400	1
t65948	1
t28823	1
t82344	0
t29044	1
t21091	0
t69666	0
t23353	0
t83315	1
t31645	0
t72507	1
t17755	0
t36685	1
t53291	1
t27573	0
t15155	0
t37942	0
t81761	1
t39716	1
t32906	0
t14911	0
t29026	0
t5159	1
t47262	0
t35653	1
t47662	0
t12462	0
t81372	0
t62617	0
t28218	0
t66231	1
t78696	0
t74480	0
t16445	0
t65980	0
t91699	0
t13990	0
t37063	0
t15432	0
t22390	0
t27954	1
t49805	0
t6112	0
t82152	0
t50166	0
t33090	0
t51754	1
t8379	1
t63024	0
t32986	1
t77749	0
t14586	0
t85195	0
t8206	1
t39560	1
t94405	0
t18425	1
t98432	1
t79902	0
t68458	0
t8512	0
t40731	1
t43623	0
t12684	0
t78791	0
t17711	1
t19916	0
t9898	0
t71340	0
t37296	0
t11426	1
t72019	1
t81271	1
t75572	0
t83609	0
t50518	1
t95566	1
t46433	1
t33514	0
t86199	1
t9829	0
t50596	0
t51987	0
t2897	0
t38147	0
t75149	0
t72329	1
t87312	0
t52105	1
t47460	1
t57882	0
t52794	1
t74068	0
t45991	1
t98374	1
t59886	1
t26126	0
t84049	0
t72223	1
t70617	1
t16887	0
t30210	1
t58193	0
t67106	0
t58059	0
t52368	1
t97403	0
t68255	1
t24634	1
t86656	0
t25020	0
t60615	0
t92760	0
t72237	0
t62290	0
t50648	0
t80472	1
t50537	1
t83509	1
t36703	0
t36746	0
t34697	0
t37833	0
t10561	0
t77255	1
t68448	0
t31542	1
t78362	0
t92216	0
t42422	0
t6774	1
t18499	0
t65648	1
t59498	1
t83038	1
t69241	1
t85848	0
t38601	0
t36642	0
t36274	0
t26756	0
t70406	0
t14900	1
t98375	1
t44033	0
t90562	1
t81862	0
t16453	1
t40038	0
t76067	0
t42308	0
t21977	0
t44401	0
t79837	0
t58298	1
t91892	0
t99201	0
t61275	0
t38405	0
t30171	1
t71024	1
t15827	0
t93654	1
t18735	0
t75975	1
t48314	0
t44720	1
t73568	1
t76785	1
t71584	0
t77034	0
t70207	0
t83433	1
t72933	0
t88081	0
t63533	1
t41558	1
t64632	0
t68173	1
t52952	1
t27000	1
t67777	0
t34082	1
t2721	1
t93754	0
t39564	0
t6250	0
t28121	0
t37523	1
t9351	0
t44233	1
t61294	1
t25674	0
t97725	0
t64565	0
t28809	1
t56758	1
t19163	0
t73424	1
t18826	1
t64873	1
t76128	0
t95173	0
t94274	0
t13763	0
t97735	1
t21823	0
t60534	0
t33868	0
t46817	1
t17332	0
t83984	0
t49282	0
t3536	1
t28381	1
t62388	1
t45287	1
t43842	1
t37239	1
t75070	0
t88372	1
t45678	0
t55520	1
t79177	0
t45143	1
t4691	0
t5846	1
t66251	0
t30546	0
t68729	0
t87694	1
t55709	1
t33593	0
t85237	1
t807	0
t87135	1
t67934	1
t89740	0
t55786	0
t78305	1
t75367	0
t58580	0
t63847	0
t39206	1
t92093	0
t91637	1
t72921	0
t44025	0
t51091	0
t4926	1
t76375	0
t82212	0
t49437	1
t35491	0
t95132	0
t94971	0
t38524	0
t79197	0
t28391	1
t94847	0
t3438	1
t25561	0
t61187	1
t51745	1
t47947	0
t34819	0
t41221	0
t11905	1
t49564	1
t70825	1
t42976	1
t73486	0
t3657	0
t11603	0
t27636	1
t28617	0
t83891	1
t36332	1
t81123	0
t95529	0
t57383	0
t16785	0
t87344	0
t22903	0
t42870	0
t51803	1
t31090	1
t32965	1
t47713	0
t20016	1
t7742	1
t47834	1
t37678	1
t78328	1
t51316	0
t11053	0
t3758	0
t98976	1
t20607	0
t64563	0
t91636	0
t98555	0
t58454	0
t35013	1
t45760	0
t27705	1
t13545	0
t50347	0
t64675	0
t79031	1
t66220	1
t21296	1
t73422	0
t44871	0
t23008	1
t67801	1
t71005	1
t59894	1
t13092	1
t71621	1
t60853	1
t38551	0
t24633	0
t29259	0
t53998	1
t14521	0
t63297	1
t23416	0
t89313	0
t47400	1
t47473	0
t59573	0
t81686	1
t2379	0
t89395	0
t9753	0
t19068	0
t71652	1
t20948	0
t22482	0
t40620	1
t69729	0
t13252	0
t52358	1
t20061	1
t67866	1
t17542	0
t65772	1
t90130	0
t30156	0
t73701	0
t76389	0
t75723	1
t10125	1
t65844	1
t82699	1
t12975	0
t18449	1
t72515	1
t81179	1
t28009	1
t20107	0
t16403	1
t79456	1
t32010	1
t60740	1
t57608	0
t79828	0
t33586	0
t63793	0
t46079	0
t22192	1
t63200	0
t24229	1
t47364	0
t37091	1
t85594	1
t31955	0
t8732	0
t33796	1
t79195	1
t98413	0
t78410	0
t9111	0
t88930	1
t28047	0
t98415	0
t18782	0
t55598	0
t50580	0
t54257	0
t84945	0
t65997	0
t39338	1
t8305	0
t25143	0
t70014	0
t87462	1
t80037	1
t47744	0
t60069	1
t16102	0
t22064	1
t91549	0
t59446	1
t46622	0
t81714	1
t15840	1
t35998	0
t43976	1
t38841	0
t11437	0
t23200	1
t12806	1
t55815	0
t93493	0
t96757	1
t74108	0
t58871	0
t83629	1
t45436	1
t55636	0
t77251	0
t36518	1
t20962	0
t1024	1
t13992	0
t13358	0
t61373	0
t4359	0
t36059	0
t86530	0
t7887	1
t72837	0
t37711	0
t10339	0
t16569	1
t66135	1
t49914	0
t40944	1
t16296	0
t85464	0
t7431	1
t58291	0
t29155	1
t69302	0
t2682	0
t77170	0
t46417	1
t31153	0
t64462	1
t12724	0
t30082	0
t14583	1
t47169	1
t41555	0
t16364	0
t95892	0
t66393	0
t95094	1
t76657	1
t44575	1
t84179	1
t62790	0
t27221	1
t26192	0
t14952	1
t85801	1
t34671	1
t82968	1
t71710	1
t44985	0
t45644	1
t23285	0
t8284	1
t91484	0
t54618	1
t77310	1
t69493	1
t11166	1
t71399	0
t50611	1
t67399	0
t15970	0
t25545	0
t27207	0
t6026	0
t36654	0
t73272	0
t49931	1
t37981	0
t34402	1
t40127	0
t25715	0
t84864	0
t74136	1
t78440	1
t10351	0
t88711	0
t16970	0
t25053	0
t86605	0
t42702	0
t18992	1
t68164	0
t34524	0
t3334	0
t25493	0
t86607	0
t64159	0
t82610	1
t43483	1
t63612	1
t87096	0
t2966	1
t91142	1
t12831	0
t97616	0
t18723	1
t67761	0
t47726	0
t98314	0
t53591	1
t63895	1
t70944	0
t40464	1
t4054	0
t45184	0
t63686	1
t55948	0
t22386	0
t6537	0
t24181	1
t74234	1
t26060	0
t43639	0
t84987	0
t55727	0
t57693	0
t16050	0
t75043	0
t96706	0
t8534	1
t9393	1
t44736	0
t34893	0
t98884	1
t71996	1
t24139	1
t67341	0
t41762	0
t29190	1
t38794	1
t49191	0
t62694	1
t99294	1
t51999	0
t30901	0
t87246	1
t58551	0
t38974	1
t72571	0
t92321	0
t31872	0
t35531	0
t85178	0
t46395	1
t93103	1
t63897	0
t46103	0
t3390	0
t25940	0
t67776	1
t57535	0
t88533	0
t56625	1
t66824	0
t71472	0
t73647	0
t9005	0
t27378	1
t68757	1
t68256	0
t94135	0
t21915	1
t95105	1
t97726	1
t87693	0
t38618	0
t88411	0
t75887	0
t65325	0
t90984	1
t28322	0
t9447	1
t26521	0
t30465	1
t44384	0
t21525	1
t70091	0
t18442	1
t25880	1
t85479	0
t22593	1
t46426	1
t57713	0
t54520	0
t82836	1
t28987	0
t74719	1
t49464	1
t58225	0
t34457	1
t77189	0
t88490	1
t94585	0
t13687	0
t23271	0
t21708	0
t59158	0
t73049	0
t37973	0
t55714	0
t59766	1
t26104	0
t79896	1
t47512	1
t41587	0
t87863	1
t88326	0
t69256	1
t39729	0
t85701	0
t31639	0
t78228	0
t51288	0
t4191	1
t43887	0
t14747	1
t64054	1
t2968	1
t36831	0
t36170	0
t14580	1
t1798	0
t89589	0
t39911	0
t31273	1
t78025	1
t25129	0
t24236	1
t63453	1
t42155	0
t1028	0
t56633	0
t50931	0
t39814	1
t82350	0
t7359	0
t6220	1
t13555	1
t94985	0
t88080	0
t67808	0
t38177	1
t57476	1
t19329	0
t89522	0
t32235	0
t28646	0
t65626	0
t65461	0
t89167	0
t26499	0
t60549	1
t28287	1
t87484	0
t49990	0
t46123	0
t40263	0
t69878	0
t39587	0
t92494	0
t52110	1
t90817	0
t74255	1
t57677	0
t86678	0
t64561	1
t60685	1
t38323	0
t37799	0
t55054	0
t65872	1
t78034	1
t8138	0
t7094	0
t61266	0
t14637	1
t7522	1
t69830	0
t31022	0
t29212	0
t65625	0
t35280	0
t89798	0
t82263	0
t32426	0
t9408	0
t32700	0
t3289	0
t17433	0
t65972	1
t42746	0
t86168	0
t39536	1
t68359	1
t53249	1
t2405	0
t46536	1
t24984	1
t41673	0
t13242	0
t32288	0
t58675	0
t90049	0
t159	1
t18360	1
t10146	1
t50889	0
t35887	0
t17337	0
t34868	1
t25831	1
t17435	1
t46736	1
t2997	1
t44807	0
t16957	0
t94800	0
t25730	1
t41672	1
t82623	1
t5080	1
t59414	0
t80263	1
t89084	0
t70988	0
t60501	0
t34178	1
t96182	1
t57207	0
t26291	1
t16520	0
t8969	0
t48075	0
t44028	0
t56256	0
t78658	0
t98014	0
t98561	1
t75610	0
t44283	0
t90154	0
t34931	0
t76518	0
t57891	1
t93679	0
t7097	0
t11734	0
t27701	0
t49202	1
t44324	0
t97930	1
t81598	0
t76461	0
t68969	0
t71719	1
t36053	0
t57663	0
t51444	0
t14211	0
t19267	0
t50786	1
t23536	0
t11285	1
t14437	1
t61207	1
t12971	1
t34570	0
t96838	0
t16865	1
t46058	0
t39874	1
t48200	0
t3999	1
t79273	0
t73207	0
t82269	0
t79230	1
t34717	1
t86951	0
t87460	1
t40176	1
t42112	0
t25862	0
t23372	0
t11118	1
t67717	0
t72408	1
t78407	1
t93764	0
t24322	0
t3972	0
t16078	0
t3797	0
t59027	1
t71078	1
t28643	1
t77180	1
t76975	1
t42207	1
t26568	1
t3691	1
t72941	0
t58964	0
t41955	1
t62591	1
t78584	1
t59723	0
t17941	1
t32794	0
t58031	0
t11781	1
t86483	0
t16632	1
t40267	0
t69610	0
t1822	0
t52784	0
t32580	1
t3440	0
t82519	0
t94830	0
t39276	0
t46553	1
t89381	1
t72828	0
t48155	1
t61500	1
t23039	0
t28154	0
t10769	1
t38322	1
t90419	0
t63155	0
t22047	0
t30897	0
t56848	0
t60064	1
t66683	0
t37291	0
t67802	0
t78033	1
t95760	1
t31998	0
t52747	1
t55452	0
t31798	0
t26718	1
t13604	0
t88348	0
t52975	0
t89727	1
t7483	0
t24061	1
t7294	1
t19193	1
t37356	0
t31924	0
t13185	0
t18299	0
t68518	0
t21752	0
t56240	0
t32063	0
t50642	1
t4442	0
t83013	0
t47516	1
t41539	0
t21218	1
t50716	1
t19247	0
t79077	0
t42093	1
t72339	0
t33930	1
t67872	1
t63535	1
t90037	1
t77347	0
t56362	0
t19300	1
t77474	1
t17266	1
t50533	0
t34620	0
t93880	0
t81447	0
t91734	0
t6848	1
t40614	0
t4265	0
t3636	0
t54126	0
t35517	1
t18189	0
t30103	0
t11898	0
t20765	0
t40802	0
t84195	0
t91468	1
t76043	0
t28448	1
t51396	0
t14748	0
t26014	0
t5255	0
t71352	0
t2024	1
t66814	1
t54241	1
t16650	1
t77864	0
t22858	0
t82008	1
t78019	0
t16271	0
t83157	1
t51268	0
t41508	0
t68981	0
t91860	1
t2312	1
t34019	1
t70061	0
t63531	0
t33225	0
t96886	0
t14043	0
t58698	1
t56355	1
t29028	1
t40539	0
t33983	0
t62193	0
t59069	0
t69688	1
t65911	0
t51687	0
t94790	0
t61228	1
t79943	0
t45582	0
t13755	1
t55008	0
t79409	0
t15158	1
t77696	1
t30480	1
t47110	0
t47295	0
t78891	0
t13173	0
t88248	0
t37570	1
t71224	1
t23615	0
t48543	0
t89007	1
t13156	0
t7228	0
t49548	1
t53017	0
t116	0
t85954	0
t1117	1
t60671	1
t67257	0
t9482	1
t92346	1
t30628	0
t20724	0
t77517	0
t17513	0
t84037	0
t14242	1
t76528	0
t60040	1
t72648	0
t59927	0
t56239	1
t12666	1
t2442	1
t24782	1
t41554	1
t37500	1
t99311	0
t85766	0
t8876	1
t92279	1
t47736	1
t97082	1
t23550	1
t13033	1
t87362	1
t43823	0
t34372	1
t30910	0
t40622	1
t81382	0
t52384	0
t14858	0
t77919	0
t41143	1
t54143	0
t82402	1
t10669	1
t9268	1
t79774	1
t71842	1
t14375	1
t740	0
t76666	1
t61155	0
t62120	1
t72431	0
t39474	0
t65322	1
t55968	1
t17772	1
t67039	0
t41985	0
t4412	1
t24892	1
t41235	1
t3741	1
t50891	0
t65391	0
t15971	0
t3351	0
t92591	1
t86205	0
t69027	1
t72161	1
t58228	0
t8032	1
t46644	0
t43693	1
t2792	0
t66439	0
t52574	0
t29229	0
t29035	1
t82634	1
t57830	0
t19214	1
t12919	0
t83779	1
t56725	0
t56922	1
t76487	0
t97116	0
t41975	0
t29322	1
t18201	0
t44334	1
t30608	0
t70830	1
t39843	0
t66530	1
t88145	0
t32844	0
t10288	0
t20157	0
t35287	1
t810	1
t36762	0
t63978	0
t40472	0
t63048	0
t86332	1
t85099	0
t87051	1
t39964	0
t34793	0
t81264	0
t47046	0
t86374	0
t31099	0
t91290	0
t44361	0
t95772	1
t79957	0
t36708	0
t87944	0
t26401	1
t19230	1
t12848	0
t46938	1
t11807	1
t9575	1
t30984	0
t82817	0
t69699	1
t46120	0
t53343	1
t61436	0
t52989	1
t86940	0
t15456	1
t80350	0
t91546	0
t29722	0
t66034	0
t25656	0
t61060	0
t49186	0
t11050	0
t59327	0
t13970	1
t47458	0
t96699	1
t82782	0
t42050	1
t22726	1
t81795	1
t30968	1
t54685	1
t79510	0
t49142	0
t57054	0
t69073	0
t49080	0
t45768	0
t13839	0
t31713	1
t92311	0
t79657	1
t67027	0
t58504	1
t54525	1
t43540	0
t8492	0
t80059	0
t16777	1
t75355	0
t50392	0
t34992	0
t5931	0
t91597	1
t46691	0
t64991	1
t1472	0
t47228	0
t90870	1
t74539	1
t93475	0
t65492	0
t64797	1
t56008	0
t68934	0
t1399	0
t46759	1
t66541	0
t57616	1
t52698	0
t3845	0
t71797	0
t36050	0
t68027	0
t2781	0
t82362	0
t48174	0
t22105	1
t58348	0
t8527	0
t7286	0
t54901	0
t78681	1
t89710	1
t93473	0
t44123	0
t52851	1
t69613	1
t47387	0
t19339	0
t44563	0
t51944	1
t67283	0
t86888	1
t76433	0
t43356	1
t26804	1
t10594	0
t85785	0
t17643	1
t98970	1
t46083	0
t81788	1
t46686	1
t77196	1
t49136	1
t926	1
t37653	0
t33523	0
t8109	0
t50919	0
t60870	0
t58357	0
t46404	0
t88409	1
t41632	0
t71174	0
t69476	0
t18132	0
t72871	0
t18584	0
t97091	1
t28282	0
t25242	0
t5901	0
t43081	1
t41422	0
t52278	1
t20891	0
t66871	1
t65576	0
t93342	1
t79665	0
t23593	1
t80710	1
t59965	1
t47748	0
t6109	1
t35525	0
t74290	0
t41431	0
t55824	0
t21293	0
t75912	1
t57339	0
t82774	1
t91105	0
t13194	0
t83178	1
t77292	0
t29302	0
t36494	1
t5697	0
t1105	0
t3851	1
t58766	1
t85731	1
t75236	0
t21309	0
t35618	1
t31826	1
t20316	0
t10903	0
t11432	1
t71977	0
t47709	0
t47059	1
t67954	0
t8209	1
t20478	1
t56527	0
t86109	0
t551	1
t88610	0
t48259	1
t26006	0
t88249	0
t23007	1
t47016	0
t87860	1
t20978	0
t47674	0
t82460	1
t4414	0
t14320	0
t60113	0
t81785	0
t65144	0
t39615	1
t24944	0
t14723	1
t73083	1
t94559	0
t30870	0
t32953	0
t28190	0
t75285	0
t40406	1
t19883	0
t27363	1
t85959	0
t17696	0
t8378	1
t4424	0
t27092	0
t72060	0
t82841	0
t56531	1
t92066	0
t79696	0
t8072	0
t4541	1
t38648	0
t9524	0
t94452	0
t42902	0
t24205	1
t77671	0
t47013	0
t86675	0
t51018	0
t20898	0
t38086	0
t12649	0
t20904	0
t95550	0
t56047	1
t81523	0
t8609	0
t92287	1
t40839	0
t86487	0
t32553	0
t98684	0
t41459	0
t63112	0
t51976	1
t11263	0
t93270	1
t67045	0
t12142	0
t29727	0
t846	1
t39357	0
t65955	0
t62792	0
t26994	1
t47104	1
t61051	0
t4506	0
t8163	1
t80490	0
t12949	1
t58255	0
t3504	1
t81961	0
t92308	0
t66672	0
t4788	0
t3160	0
t54158	0
t15708	1
t10221	0
t47631	0
t14290	1
t49188	0
t93220	1
t27097	0
t66941	1
t70140	1
t22799	0
t18279	1
t30013	1
t43373	1
t91886	0
t30359	0
t12453	0
t9734	0
t9063	0
t5898	1
t75695	0
t72985	0
t4732	0
t63151	1
t6841	1
t26624	1
t34901	0
t54253	1
t42434	0
t60821	0
t98	1
t86902	1
t17197	0
t10916	0
t15466	1
t94107	0
t82295	0
t73904	0
t50373	0
t38436	0
t70213	1
t50672	1
t86996	0
t221	0
t23202	1
t81575	0
t33585	1
t38792	0
t65537	0
t8921	1
t66960	1
t87334	0
t61147	1
t10888	0
t42281	0
t77151	0
t43682	0
t36758	1
t62423	1
t5994	0
t50718	0
t33880	1
t49261	0
t44881	0
t51066	0
t52850	0
t78354	1
t58438	1
t10457	1
t66132	0
t60868	0
t30918	0
t3081	0
t6272	0
t69356	1
t69948	0
t2329	1
t64214	1
t79865	0
t42424	1
t95909	0
t75393	0
t19424	0
t13694	0
t1385	0
t60296	0
t10382	0
t12001	0
t52434	0
t97487	0
t85748	1
t23836	1
t69775	1
t72403	1
t77222	1
t20517	0
t40117	0
t19866	0
t96237	0
t87172	1
t19083	0
t87260	1
t66368	1
t54092	1
t70384	0
t54502	1
t1627	1
t8491	1
t10276	0
t28382	0
t27094	0
t3986	0
t47963	1
t23892	0
t9725	0
t46194	1
t78172	1
t67210	1
t95857	0
t89838	0
t59037	1
t95219	0
t25275	1
t45160	1
t87961	1
t164	0
t24594	0
t40704	1
t24510	0
t42584	1
t27883	1
t46066	0
t66357	1
t42644	0
t30934	0
t86398	1
t81411	1
t11698	0
t41307	1
t15241	1
t66481	0
t17739	1
t41059	0
t71121	1
t25522	0
t54237	0
t5296	1
t61010	1
t9874	0
t24373	1
t86185	1
t81228	0
t58002	0
t76390	1
t44174	1
t25348	0
t22493	0
t98385	1
t18339	1
t39538	0
t81402	0
t14863	0
t26473	0
t75559	1
t91588	0
t11379	0
t66844	1
t84339	0
t88152	0
t73740	0
t52880	1
t80782	1
t73431	1
t94929	0
t94413	1
t79996	0
t89350	1
t5718	0
t81774	0
t94685	1
t22698	0
t35120	1
t24045	1
t8296	0
t81582	0
t56343	1
t82995	0
t63130	1
t27262	1
t965	0
t37509	1
t25106	1
t3678	0
t2837	0
t31053	0
t79798	0
t58153	0
t42578	0
t2667	1
t69345	0
t13377	1
t87019	0
t73187	0
t56595	0
t20910	1
t73684	0
t78625	0
t50499	1
t19066	0
t47283	1
t18033	1
t13563	0
t29428	1
t43615	0
t38637	0
t34209	0
t88812	0
t66307	1
t37853	0
t65578	0
t24483	1
t30298	0
t69603	0
t7671	0
t10967	0
t57345	1
t81052	1
t7189	1
t80463	0
t93643	0